Site,LocationName,BRCYear,BRCMonthName,BRCWeekNum,DayName,Date,Hour,InCount,OutCount,ReportCount,FactoredInCount,FactoredOutCount,FactoredReportCount,Date33,Date444
Leeds,Albion Street North,2018,February,5,Thursday,01/02/2018,,26433,0,26433,26433,0,26433,43132,43132
Leeds,Albion Street South,2018,February,5,Thursday,01/02/2018,,19506,0,19506,19506,0,19506,43132,43132
Leeds,Briggate,2018,February,5,Thursday,01/02/2018,,32161,0,32161,32161,0,32161,43132,43132
Leeds,"Briggate at McDonalds	",2018,February,5,Thursday,01/02/2018,,12866,13040,12866,12866,13040,12866,43132,43132
Leeds,Commercial Street at Barratts,2018,February,5,Thursday,01/02/2018,,19282,0,19282,19282,0,19282,43132,43132
Leeds,Commercial Street at Sharps,2018,February,5,Thursday,01/02/2018,,25785,0,25785,25785,0,25785,43132,43132
Leeds,"Dortmund Square	",2018,February,5,Thursday,01/02/2018,,19917,0,19917,19917,0,19917,43132,43132
Leeds,Headrow,2018,February,5,Thursday,01/02/2018,,16351,0,16351,16351,0,16351,43132,43132
Leeds,Albion Street North,2018,February,5,Friday,02/02/2018,,30353,0,30353,30353,0,30353,43133,43133
Leeds,Albion Street South,2018,February,5,Friday,02/02/2018,,22324,0,22324,22324,0,22324,43133,43133
Leeds,Briggate,2018,February,5,Friday,02/02/2018,,39265,0,39265,39265,0,39265,43133,43133
Leeds,"Briggate at McDonalds	",2018,February,5,Friday,02/02/2018,,15167,15526,15167,15167,15526,15167,43133,43133
Leeds,Commercial Street at Barratts,2018,February,5,Friday,02/02/2018,,21945,0,21945,21945,0,21945,43133,43133
Leeds,Commercial Street at Sharps,2018,February,5,Friday,02/02/2018,,30099,0,30099,30099,0,30099,43133,43133
Leeds,"Dortmund Square	",2018,February,5,Friday,02/02/2018,,21603,0,21603,21603,0,21603,43133,43133
Leeds,Headrow,2018,February,5,Friday,02/02/2018,,18321,0,18321,18321,0,18321,43133,43133
Leeds,Albion Street North,2018,February,5,Saturday,03/02/2018,,28093,0,28093,28093,0,28093,43134,43134
Leeds,Albion Street South,2018,February,5,Saturday,03/02/2018,,19273,0,19273,19273,0,19273,43134,43134
Leeds,Briggate,2018,February,5,Saturday,03/02/2018,,45144,0,45144,45144,0,45144,43134,43134
Leeds,"Briggate at McDonalds	",2018,February,5,Saturday,03/02/2018,,16156,16812,16156,16156,16812,16156,43134,43134
Leeds,Commercial Street at Barratts,2018,February,5,Saturday,03/02/2018,,27947,0,27947,27947,0,27947,43134,43134
Leeds,Commercial Street at Sharps,2018,February,5,Saturday,03/02/2018,,29287,0,29287,29287,0,29287,43134,43134
Leeds,"Dortmund Square	",2018,February,5,Saturday,03/02/2018,,20261,0,20261,20261,0,20261,43134,43134
Leeds,Headrow,2018,February,5,Saturday,03/02/2018,,11986,0,11986,11986,0,11986,43134,43134
Leeds,Albion Street North,2018,February,5,Sunday,04/02/2018,,18099,0,18099,18099,0,18099,43135,43135
Leeds,Albion Street South,2018,February,5,Sunday,04/02/2018,,11552,0,11552,11552,0,11552,43135,43135
Leeds,Briggate,2018,February,5,Sunday,04/02/2018,,28271,0,28271,28271,0,28271,43135,43135
Leeds,"Briggate at McDonalds	",2018,February,5,Sunday,04/02/2018,,9685,10100,9685,9685,10100,9685,43135,43135
Leeds,Commercial Street at Barratts,2018,February,5,Sunday,04/02/2018,,12866,0,12866,12866,0,12866,43135,43135
Leeds,Commercial Street at Sharps,2018,February,5,Sunday,04/02/2018,,15376,0,15376,15376,0,15376,43135,43135
Leeds,"Dortmund Square	",2018,February,5,Sunday,04/02/2018,,11767,0,11767,11767,0,11767,43135,43135
Leeds,Headrow,2018,February,5,Sunday,04/02/2018,,9343,0,9343,9343,0,9343,43135,43135
Leeds,Albion Street North,2018,February,6,Monday,05/02/2018,,24544,0,24544,24544,0,24544,43136,43136
Leeds,Albion Street South,2018,February,6,Monday,05/02/2018,,17768,0,17768,17768,0,17768,43136,43136
Leeds,Briggate,2018,February,6,Monday,05/02/2018,,26994,0,26994,26994,0,26994,43136,43136
Leeds,"Briggate at McDonalds	",2018,February,6,Monday,05/02/2018,,11022,10828,11022,11022,10828,11022,43136,43136
Leeds,Commercial Street at Barratts,2018,February,6,Monday,05/02/2018,,23959,0,23959,23959,0,23959,43136,43136
Leeds,Commercial Street at Sharps,2018,February,6,Monday,05/02/2018,,23477,0,23477,23477,0,23477,43136,43136
Leeds,"Dortmund Square	",2018,February,6,Monday,05/02/2018,,19260,0,19260,19260,0,19260,43136,43136
Leeds,Headrow,2018,February,6,Monday,05/02/2018,,15188,0,15188,15188,0,15188,43136,43136
Leeds,Albion Street North,2018,February,6,Tuesday,06/02/2018,,21185,0,21185,21185,0,21185,43137,43137
Leeds,Albion Street South,2018,February,6,Tuesday,06/02/2018,,16190,0,16190,16190,0,16190,43137,43137
Leeds,Briggate,2018,February,6,Tuesday,06/02/2018,,25222,0,25222,25222,0,25222,43137,43137
Leeds,"Briggate at McDonalds	",2018,February,6,Tuesday,06/02/2018,,9441,9967,9441,9441,9967,9441,43137,43137
Leeds,Commercial Street at Barratts,2018,February,6,Tuesday,06/02/2018,,9903,0,9903,9903,0,9903,43137,43137
Leeds,Commercial Street at Sharps,2018,February,6,Tuesday,06/02/2018,,20487,0,20487,20487,0,20487,43137,43137
Leeds,"Dortmund Square	",2018,February,6,Tuesday,06/02/2018,,18774,0,18774,18774,0,18774,43137,43137
Leeds,Headrow,2018,February,6,Tuesday,06/02/2018,,18613,0,18613,18613,0,18613,43137,43137
Leeds,Albion Street North,2018,February,6,Wednesday,07/02/2018,,28182,0,28182,28182,0,28182,43138,43138
Leeds,Albion Street South,2018,February,6,Wednesday,07/02/2018,,18649,0,18649,18649,0,18649,43138,43138
Leeds,Briggate,2018,February,6,Wednesday,07/02/2018,,30557,0,30557,30557,0,30557,43138,43138
Leeds,"Briggate at McDonalds	",2018,February,6,Wednesday,07/02/2018,,10472,11551,10472,10472,11551,10472,43138,43138
Leeds,Commercial Street at Barratts,2018,February,6,Wednesday,07/02/2018,,21320,0,21320,21320,0,21320,43138,43138
Leeds,Commercial Street at Sharps,2018,February,6,Wednesday,07/02/2018,,23628,0,23628,23628,0,23628,43138,43138
Leeds,"Dortmund Square	",2018,February,6,Wednesday,07/02/2018,,20322,0,20322,20322,0,20322,43138,43138
Leeds,Headrow,2018,February,6,Wednesday,07/02/2018,,16023,0,16023,16023,0,16023,43138,43138
Leeds,Albion Street North,2018,February,6,Thursday,08/02/2018,,24193,0,24193,24193,0,24193,43139,43139
Leeds,Albion Street South,2018,February,6,Thursday,08/02/2018,,18455,0,18455,18455,0,18455,43139,43139
Leeds,Briggate,2018,February,6,Thursday,08/02/2018,,30862,0,30862,30862,0,30862,43139,43139
Leeds,"Briggate at McDonalds	",2018,February,6,Thursday,08/02/2018,,10861,11153,10861,10861,11153,10861,43139,43139
Leeds,Commercial Street at Barratts,2018,February,6,Thursday,08/02/2018,,20764,0,20764,20764,0,20764,43139,43139
Leeds,Commercial Street at Sharps,2018,February,6,Thursday,08/02/2018,,23984,0,23984,23984,0,23984,43139,43139
Leeds,"Dortmund Square	",2018,February,6,Thursday,08/02/2018,,19769,0,19769,19769,0,19769,43139,43139
Leeds,Headrow,2018,February,6,Thursday,08/02/2018,,12725,0,12725,12725,0,12725,43139,43139
Leeds,Albion Street North,2018,February,6,Friday,09/02/2018,,29170,0,29170,29170,0,29170,43140,43140
Leeds,Albion Street South,2018,February,6,Friday,09/02/2018,,20325,0,20325,20325,0,20325,43140,43140
Leeds,Briggate,2018,February,6,Friday,09/02/2018,,35184,0,35184,35184,0,35184,43140,43140
Leeds,"Briggate at McDonalds	",2018,February,6,Friday,09/02/2018,,11745,12324,11745,11745,12324,11745,43140,43140
Leeds,Commercial Street at Barratts,2018,February,6,Friday,09/02/2018,,20927,0,20927,20927,0,20927,43140,43140
Leeds,Commercial Street at Sharps,2018,February,6,Friday,09/02/2018,,25090,0,25090,25090,0,25090,43140,43140
Leeds,"Dortmund Square	",2018,February,6,Friday,09/02/2018,,20893,0,20893,20893,0,20893,43140,43140
Leeds,Headrow,2018,February,6,Friday,09/02/2018,,17988,0,17988,17988,0,17988,43140,43140
Leeds,Albion Street North,2018,February,6,Saturday,10/02/2018,,27868,0,27868,27868,0,27868,43141,43141
Leeds,Albion Street South,2018,February,6,Saturday,10/02/2018,,20184,0,20184,20184,0,20184,43141,43141
Leeds,Briggate,2018,February,6,Saturday,10/02/2018,,47840,0,47840,47840,0,47840,43141,43141
Leeds,"Briggate at McDonalds	",2018,February,6,Saturday,10/02/2018,,14371,14517,14371,14371,14517,14371,43141,43141
Leeds,Commercial Street at Barratts,2018,February,6,Saturday,10/02/2018,,28434,0,28434,28434,0,28434,43141,43141
Leeds,Commercial Street at Sharps,2018,February,6,Saturday,10/02/2018,,29758,0,29758,29758,0,29758,43141,43141
Leeds,"Dortmund Square	",2018,February,6,Saturday,10/02/2018,,19281,0,19281,19281,0,19281,43141,43141
Leeds,Headrow,2018,February,6,Saturday,10/02/2018,,19028,0,19028,19028,0,19028,43141,43141
Leeds,Albion Street North,2018,February,6,Sunday,11/02/2018,,18045,0,18045,18045,0,18045,43142,43142
Leeds,Albion Street South,2018,February,6,Sunday,11/02/2018,,12067,0,12067,12067,0,12067,43142,43142
Leeds,Briggate,2018,February,6,Sunday,11/02/2018,,26005,0,26005,26005,0,26005,43142,43142
Leeds,"Briggate at McDonalds	",2018,February,6,Sunday,11/02/2018,,7507,8107,7507,7507,8107,7507,43142,43142
Leeds,Commercial Street at Barratts,2018,February,6,Sunday,11/02/2018,,10316,0,10316,10316,0,10316,43142,43142
Leeds,Commercial Street at Sharps,2018,February,6,Sunday,11/02/2018,,15213,0,15213,15213,0,15213,43142,43142
Leeds,"Dortmund Square	",2018,February,6,Sunday,11/02/2018,,10626,0,10626,10626,0,10626,43142,43142
Leeds,Headrow,2018,February,6,Sunday,11/02/2018,,9807,0,9807,9807,0,9807,43142,43142
Leeds,Albion Street North,2018,February,7,Monday,12/02/2018,,27505,0,27505,27505,0,27505,43143,43143
Leeds,Albion Street South,2018,February,7,Monday,12/02/2018,,20855,0,20855,20855,0,20855,43143,43143
Leeds,Briggate,2018,February,7,Monday,12/02/2018,,33871,0,33871,33871,0,33871,43143,43143
Leeds,"Briggate at McDonalds	",2018,February,7,Monday,12/02/2018,,10569,11048,10569,10569,11048,10569,43143,43143
Leeds,Commercial Street at Barratts,2018,February,7,Monday,12/02/2018,,25844,0,25844,25844,0,25844,43143,43143
Leeds,Commercial Street at Sharps,2018,February,7,Monday,12/02/2018,,25346,0,25346,25346,0,25346,43143,43143
Leeds,"Dortmund Square	",2018,February,7,Monday,12/02/2018,,20544,0,20544,20544,0,20544,43143,43143
Leeds,Headrow,2018,February,7,Monday,12/02/2018,,17315,0,17315,17315,0,17315,43143,43143
Leeds,Albion Street North,2018,February,7,Tuesday,13/02/2018,,27534,0,27534,27534,0,27534,43144,43144
Leeds,Albion Street South,2018,February,7,Tuesday,13/02/2018,,21595,0,21595,21595,0,21595,43144,43144
Leeds,Briggate,2018,February,7,Tuesday,13/02/2018,,34260,0,34260,34260,0,34260,43144,43144
Leeds,"Briggate at McDonalds	",2018,February,7,Tuesday,13/02/2018,,10954,0,10954,10954,0,10954,43144,43144
Leeds,Commercial Street at Barratts,2018,February,7,Tuesday,13/02/2018,,17944,0,17944,17944,0,17944,43144,43144
Leeds,Commercial Street at Sharps,2018,February,7,Tuesday,13/02/2018,,28442,0,28442,28442,0,28442,43144,43144
Leeds,"Dortmund Square	",2018,February,7,Tuesday,13/02/2018,,20864,0,20864,20864,0,20864,43144,43144
Leeds,Headrow,2018,February,7,Tuesday,13/02/2018,,18306,0,18306,18306,0,18306,43144,43144
Leeds,Albion Street North,2018,February,7,Wednesday,14/02/2018,,30091,0,30091,30091,0,30091,43145,43145
Leeds,Albion Street South,2018,February,7,Wednesday,14/02/2018,,18574,0,18574,18574,0,18574,43145,43145
Leeds,Briggate,2018,February,7,Wednesday,14/02/2018,,34170,0,34170,34170,0,34170,43145,43145
Leeds,"Briggate at McDonalds	",2018,February,7,Wednesday,14/02/2018,,10404,11128,10404,10404,11128,10404,43145,43145
Leeds,Commercial Street at Barratts,2018,February,7,Wednesday,14/02/2018,,22844,0,22844,22844,0,22844,43145,43145
Leeds,Commercial Street at Sharps,2018,February,7,Wednesday,14/02/2018,,24141,0,24141,24141,0,24141,43145,43145
Leeds,"Dortmund Square	",2018,February,7,Wednesday,14/02/2018,,19871,0,19871,19871,0,19871,43145,43145
Leeds,Headrow,2018,February,7,Wednesday,14/02/2018,,18153,0,18153,18153,0,18153,43145,43145
Leeds,Albion Street North,2018,February,7,Thursday,15/02/2018,,34553,0,34553,34553,0,34553,43146,43146
Leeds,Albion Street South,2018,February,7,Thursday,15/02/2018,,23086,0,23086,23086,0,23086,43146,43146
Leeds,Briggate,2018,February,7,Thursday,15/02/2018,,37955,0,37955,37955,0,37955,43146,43146
Leeds,"Briggate at McDonalds	",2018,February,7,Thursday,15/02/2018,,14519,0,14519,14519,0,14519,43146,43146
Leeds,Commercial Street at Barratts,2018,February,7,Thursday,15/02/2018,,25179,0,25179,25179,0,25179,43146,43146
Leeds,Commercial Street at Sharps,2018,February,7,Thursday,15/02/2018,,25858,0,25858,25858,0,25858,43146,43146
Leeds,"Dortmund Square	",2018,February,7,Thursday,15/02/2018,,21683,0,21683,21683,0,21683,43146,43146
Leeds,Headrow,2018,February,7,Thursday,15/02/2018,,18996,0,18996,18996,0,18996,43146,43146
Leeds,Albion Street North,2018,February,7,Friday,16/02/2018,,36518,0,36518,36518,0,36518,43147,43147
Leeds,Albion Street South,2018,February,7,Friday,16/02/2018,,23529,0,23529,23529,0,23529,43147,43147
Leeds,Briggate,2018,February,7,Friday,16/02/2018,,39864,0,39864,39864,0,39864,43147,43147
Leeds,"Briggate at McDonalds	",2018,February,7,Friday,16/02/2018,,16881,0,16881,16881,0,16881,43147,43147
Leeds,Commercial Street at Barratts,2018,February,7,Friday,16/02/2018,,18450,0,18450,18450,0,18450,43147,43147
Leeds,Commercial Street at Sharps,2018,February,7,Friday,16/02/2018,,28748,0,28748,28748,0,28748,43147,43147
Leeds,"Dortmund Square	",2018,February,7,Friday,16/02/2018,,21703,0,21703,21703,0,21703,43147,43147
Leeds,Headrow,2018,February,7,Friday,16/02/2018,,20967,0,20967,20967,0,20967,43147,43147
Leeds,Albion Street North,2018,February,7,Saturday,17/02/2018,,33994,0,33994,33994,0,33994,43148,43148
Leeds,Albion Street South,2018,February,7,Saturday,17/02/2018,,22367,0,22367,22367,0,22367,43148,43148
Leeds,Briggate,2018,February,7,Saturday,17/02/2018,,45667,0,45667,45667,0,45667,43148,43148
Leeds,"Briggate at McDonalds	",2018,February,7,Saturday,17/02/2018,,18191,18263,18191,18191,18263,18191,43148,43148
Leeds,Commercial Street at Barratts,2018,February,7,Saturday,17/02/2018,,23423,0,23423,23423,0,23423,43148,43148
Leeds,Commercial Street at Sharps,2018,February,7,Saturday,17/02/2018,,30991,0,30991,30991,0,30991,43148,43148
Leeds,"Dortmund Square	",2018,February,7,Saturday,17/02/2018,,21207,0,21207,21207,0,21207,43148,43148
Leeds,Headrow,2018,February,7,Saturday,17/02/2018,,20966,0,20966,20966,0,20966,43148,43148
Leeds,Albion Street North,2018,February,7,Sunday,18/02/2018,,18577,0,18577,18577,0,18577,43149,43149
Leeds,Albion Street South,2018,February,7,Sunday,18/02/2018,,12179,0,12179,12179,0,12179,43149,43149
Leeds,Briggate,2018,February,7,Sunday,18/02/2018,,27415,0,27415,27415,0,27415,43149,43149
Leeds,"Briggate at McDonalds	",2018,February,7,Sunday,18/02/2018,,9814,0,9814,9814,0,9814,43149,43149
Leeds,Commercial Street at Barratts,2018,February,7,Sunday,18/02/2018,,12724,0,12724,12724,0,12724,43149,43149
Leeds,Commercial Street at Sharps,2018,February,7,Sunday,18/02/2018,,16529,0,16529,16529,0,16529,43149,43149
Leeds,"Dortmund Square	",2018,February,7,Sunday,18/02/2018,,11289,0,11289,11289,0,11289,43149,43149
Leeds,Headrow,2018,February,7,Sunday,18/02/2018,,11199,0,11199,11199,0,11199,43149,43149
Leeds,Albion Street North,2018,February,8,Monday,19/02/2018,,28472,0,28472,28472,0,28472,43150,43150
Leeds,Albion Street South,2018,February,8,Monday,19/02/2018,,19488,0,19488,19488,0,19488,43150,43150
Leeds,Briggate,2018,February,8,Monday,19/02/2018,,28241,0,28241,28241,0,28241,43150,43150
Leeds,"Briggate at McDonalds	",2018,February,8,Monday,19/02/2018,,8967,0,8967,8967,0,8967,43150,43150
Leeds,Commercial Street at Barratts,2018,February,8,Monday,19/02/2018,,22771,0,22771,22771,0,22771,43150,43150
Leeds,Commercial Street at Sharps,2018,February,8,Monday,19/02/2018,,24560,0,24560,24560,0,24560,43150,43150
Leeds,"Dortmund Square	",2018,February,8,Monday,19/02/2018,,19946,0,19946,19946,0,19946,43150,43150
Leeds,Headrow,2018,February,8,Monday,19/02/2018,,17440,0,17440,17440,0,17440,43150,43150
Leeds,Albion Street North,2018,February,8,Tuesday,20/02/2018,,31613,0,31613,31613,0,31613,43151,43151
Leeds,Albion Street South,2018,February,8,Tuesday,20/02/2018,,19764,0,19764,19764,0,19764,43151,43151
Leeds,Briggate,2018,February,8,Tuesday,20/02/2018,,32312,0,32312,32312,0,32312,43151,43151
Leeds,"Briggate at McDonalds	",2018,February,8,Tuesday,20/02/2018,,9559,0,9559,9559,0,9559,43151,43151
Leeds,Commercial Street at Barratts,2018,February,8,Tuesday,20/02/2018,,15867,0,15867,15867,0,15867,43151,43151
Leeds,Commercial Street at Sharps,2018,February,8,Tuesday,20/02/2018,,23297,0,23297,23297,0,23297,43151,43151
Leeds,"Dortmund Square	",2018,February,8,Tuesday,20/02/2018,,20515,0,20515,20515,0,20515,43151,43151
Leeds,Headrow,2018,February,8,Tuesday,20/02/2018,,18382,0,18382,18382,0,18382,43151,43151
Leeds,Albion Street North,2018,February,8,Wednesday,21/02/2018,,33047,0,33047,33047,0,33047,43152,43152
Leeds,Albion Street South,2018,February,8,Wednesday,21/02/2018,,20246,0,20246,20246,0,20246,43152,43152
Leeds,Briggate,2018,February,8,Wednesday,21/02/2018,,34096,0,34096,34096,0,34096,43152,43152
Leeds,"Briggate at McDonalds	",2018,February,8,Wednesday,21/02/2018,,9769,0,9769,9769,0,9769,43152,43152
Leeds,Commercial Street at Barratts,2018,February,8,Wednesday,21/02/2018,,22755,0,22755,22755,0,22755,43152,43152
Leeds,Commercial Street at Sharps,2018,February,8,Wednesday,21/02/2018,,24884,0,24884,24884,0,24884,43152,43152
Leeds,"Dortmund Square	",2018,February,8,Wednesday,21/02/2018,,21064,0,21064,21064,0,21064,43152,43152
Leeds,Headrow,2018,February,8,Wednesday,21/02/2018,,17105,0,17105,17105,0,17105,43152,43152
Leeds,Albion Street North,2018,February,8,Thursday,22/02/2018,,32083,0,32083,32083,0,32083,43153,43153
Leeds,Albion Street South,2018,February,8,Thursday,22/02/2018,,20689,0,20689,20689,0,20689,43153,43153
Leeds,Briggate,2018,February,8,Thursday,22/02/2018,,32584,0,32584,32584,0,32584,43153,43153
Leeds,"Briggate at McDonalds	",2018,February,8,Thursday,22/02/2018,,11619,11525,11619,11619,11525,11619,43153,43153
Leeds,Commercial Street at Barratts,2018,February,8,Thursday,22/02/2018,,20469,0,20469,20469,0,20469,43153,43153
Leeds,Commercial Street at Sharps,2018,February,8,Thursday,22/02/2018,,26259,0,26259,26259,0,26259,43153,43153
Leeds,"Dortmund Square	",2018,February,8,Thursday,22/02/2018,,20695,0,20695,20695,0,20695,43153,43153
Leeds,Headrow,2018,February,8,Thursday,22/02/2018,,17284,0,17284,17284,0,17284,43153,43153
Leeds,Albion Street North,2018,February,8,Friday,23/02/2018,,34285,0,34285,34285,0,34285,43154,43154
Leeds,Albion Street South,2018,February,8,Friday,23/02/2018,,20651,0,20651,20651,0,20651,43154,43154
Leeds,Briggate,2018,February,8,Friday,23/02/2018,,37148,0,37148,37148,0,37148,43154,43154
Leeds,"Briggate at McDonalds	",2018,February,8,Friday,23/02/2018,,13226,0,13226,13226,0,13226,43154,43154
Leeds,Commercial Street at Barratts,2018,February,8,Friday,23/02/2018,,21438,0,21438,21438,0,21438,43154,43154
Leeds,Commercial Street at Sharps,2018,February,8,Friday,23/02/2018,,29164,0,29164,29164,0,29164,43154,43154
Leeds,"Dortmund Square	",2018,February,8,Friday,23/02/2018,,21320,0,21320,21320,0,21320,43154,43154
Leeds,Headrow,2018,February,8,Friday,23/02/2018,,18995,0,18995,18995,0,18995,43154,43154
Leeds,Albion Street North,2018,February,8,Saturday,24/02/2018,,39420,0,39420,39420,0,39420,43155,43155
Leeds,Albion Street South,2018,February,8,Saturday,24/02/2018,,21491,0,21491,21491,0,21491,43155,43155
Leeds,Briggate,2018,February,8,Saturday,24/02/2018,,52926,0,52926,52926,0,52926,43155,43155
Leeds,"Briggate at McDonalds	",2018,February,8,Saturday,24/02/2018,,17064,17282,17064,17064,17282,17064,43155,43155
Leeds,Commercial Street at Barratts,2018,February,8,Saturday,24/02/2018,,26596,0,26596,26596,0,26596,43155,43155
Leeds,Commercial Street at Sharps,2018,February,8,Saturday,24/02/2018,,33255,0,33255,33255,0,33255,43155,43155
Leeds,"Dortmund Square	",2018,February,8,Saturday,24/02/2018,,23330,0,23330,23330,0,23330,43155,43155
Leeds,Headrow,2018,February,8,Saturday,24/02/2018,,22583,0,22583,22583,0,22583,43155,43155
Leeds,Albion Street North,2018,February,8,Sunday,25/02/2018,,20309,0,20309,20309,0,20309,43156,43156
Leeds,Albion Street South,2018,February,8,Sunday,25/02/2018,,10639,0,10639,10639,0,10639,43156,43156
Leeds,Briggate,2018,February,8,Sunday,25/02/2018,,32439,0,32439,32439,0,32439,43156,43156
Leeds,"Briggate at McDonalds	",2018,February,8,Sunday,25/02/2018,,8166,8247,8166,8166,8247,8166,43156,43156
Leeds,Commercial Street at Barratts,2018,February,8,Sunday,25/02/2018,,11963,0,11963,11963,0,11963,43156,43156
Leeds,Commercial Street at Sharps,2018,February,8,Sunday,25/02/2018,,15348,0,15348,15348,0,15348,43156,43156
Leeds,"Dortmund Square	",2018,February,8,Sunday,25/02/2018,,11273,0,11273,11273,0,11273,43156,43156
Leeds,Headrow,2018,February,8,Sunday,25/02/2018,,10886,0,10886,10886,0,10886,43156,43156
Leeds,Albion Street North,2018,March,9,Monday,26/02/2018,,30226,0,30226,30226,0,30226,43157,43157
Leeds,Albion Street South,2018,March,9,Monday,26/02/2018,,17428,0,17428,17428,0,17428,43157,43157
Leeds,Briggate,2018,March,9,Monday,26/02/2018,,24808,0,24808,24808,0,24808,43157,43157
Leeds,"Briggate at McDonalds	",2018,March,9,Monday,26/02/2018,,10849,11056,10849,10849,11056,10849,43157,43157
Leeds,Commercial Street at Barratts,2018,March,9,Monday,26/02/2018,,23223,0,23223,23223,0,23223,43157,43157
Leeds,Commercial Street at Sharps,2018,March,9,Monday,26/02/2018,,22266,0,22266,22266,0,22266,43157,43157
Leeds,"Dortmund Square	",2018,March,9,Monday,26/02/2018,,18186,0,18186,18186,0,18186,43157,43157
Leeds,Headrow,2018,March,9,Monday,26/02/2018,,15436,0,15436,15436,0,15436,43157,43157
Leeds,Albion Street North,2018,March,9,Tuesday,27/02/2018,,25252,0,25252,25252,0,25252,43158,43158
Leeds,Albion Street South,2018,March,9,Tuesday,27/02/2018,,15947,0,15947,15947,0,15947,43158,43158
Leeds,Briggate,2018,March,9,Tuesday,27/02/2018,,23853,0,23853,23853,0,23853,43158,43158
Leeds,"Briggate at McDonalds	",2018,March,9,Tuesday,27/02/2018,,10328,10039,10328,10328,10039,10328,43158,43158
Leeds,Commercial Street at Barratts,2018,March,9,Tuesday,27/02/2018,,11880,0,11880,11880,0,11880,43158,43158
Leeds,Commercial Street at Sharps,2018,March,9,Tuesday,27/02/2018,,19039,0,19039,19039,0,19039,43158,43158
Leeds,"Dortmund Square	",2018,March,9,Tuesday,27/02/2018,,17249,0,17249,17249,0,17249,43158,43158
Leeds,Headrow,2018,March,9,Tuesday,27/02/2018,,16733,0,16733,16733,0,16733,43158,43158
Leeds,Albion Street North,2018,March,9,Wednesday,28/02/2018,,23026,0,23026,23026,0,23026,43159,43159
Leeds,Albion Street South,2018,March,9,Wednesday,28/02/2018,,13261,0,13261,13261,0,13261,43159,43159
Leeds,Briggate,2018,March,9,Wednesday,28/02/2018,,20419,0,20419,20419,0,20419,43159,43159
Leeds,"Briggate at McDonalds	",2018,March,9,Wednesday,28/02/2018,,8533,0,8533,8533,0,8533,43159,43159
Leeds,Commercial Street at Barratts,2018,March,9,Wednesday,28/02/2018,,16006,0,16006,16006,0,16006,43159,43159
Leeds,Commercial Street at Sharps,2018,March,9,Wednesday,28/02/2018,,13983,0,13983,13983,0,13983,43159,43159
Leeds,"Dortmund Square	",2018,March,9,Wednesday,28/02/2018,,14126,0,14126,14126,0,14126,43159,43159
Leeds,Headrow,2018,March,9,Wednesday,28/02/2018,,11205,0,11205,11205,0,11205,43159,43159
Leeds,Albion Street North,2018,March,9,Thursday,01/03/2018,,20891,0,20891,20891,0,20891,43160,43160
Leeds,Albion Street South,2018,March,9,Thursday,01/03/2018,,7684,0,7684,7684,0,7684,43160,43160
Leeds,Briggate,2018,March,9,Thursday,01/03/2018,,13889,0,13889,13889,0,13889,43160,43160
Leeds,"Briggate at McDonalds	",2018,March,9,Thursday,01/03/2018,,6926,0,6926,6926,0,6926,43160,43160
Leeds,Commercial Street at Barratts,2018,March,9,Thursday,01/03/2018,,11539,0,11539,11539,0,11539,43160,43160
Leeds,Commercial Street at Sharps,2018,March,9,Thursday,01/03/2018,,10358,0,10358,10358,0,10358,43160,43160
Leeds,"Dortmund Square	",2018,March,9,Thursday,01/03/2018,,11401,0,11401,11401,0,11401,43160,43160
Leeds,Headrow,2018,March,9,Thursday,01/03/2018,,10232,0,10232,10232,0,10232,43160,43160
Leeds,Albion Street North,2018,March,9,Friday,02/03/2018,,30937,0,30937,30937,0,30937,43161,43161
Leeds,Albion Street South,2018,March,9,Friday,02/03/2018,,15102,0,15102,15102,0,15102,43161,43161
Leeds,Briggate,2018,March,9,Friday,02/03/2018,,27248,0,27248,27248,0,27248,43161,43161
Leeds,"Briggate at McDonalds	",2018,March,9,Friday,02/03/2018,,11186,0,11186,11186,0,11186,43161,43161
Leeds,Commercial Street at Barratts,2018,March,9,Friday,02/03/2018,,1614,0,1614,1614,0,1614,43161,43161
Leeds,Commercial Street at Sharps,2018,March,9,Friday,02/03/2018,,17904,0,17904,17904,0,17904,43161,43161
Leeds,"Dortmund Square	",2018,March,9,Friday,02/03/2018,,16403,0,16403,16403,0,16403,43161,43161
Leeds,Headrow,2018,March,9,Friday,02/03/2018,,13721,0,13721,13721,0,13721,43161,43161
Leeds,Albion Street North,2018,March,9,Saturday,03/03/2018,,30990,0,30990,30990,0,30990,43162,43162
Leeds,Albion Street South,2018,March,9,Saturday,03/03/2018,,18341,0,18341,18341,0,18341,43162,43162
Leeds,Briggate,2018,March,9,Saturday,03/03/2018,,43083,0,43083,43083,0,43083,43162,43162
Leeds,"Briggate at McDonalds	",2018,March,9,Saturday,03/03/2018,,14387,0,14387,14387,0,14387,43162,43162
Leeds,Commercial Street at Barratts,2018,March,9,Saturday,03/03/2018,,20080,0,20080,20080,0,20080,43162,43162
Leeds,Commercial Street at Sharps,2018,March,9,Saturday,03/03/2018,,26098,0,26098,26098,0,26098,43162,43162
Leeds,"Dortmund Square	",2018,March,9,Saturday,03/03/2018,,18165,0,18165,18165,0,18165,43162,43162
Leeds,Headrow,2018,March,9,Saturday,03/03/2018,,17018,0,17018,17018,0,17018,43162,43162
Leeds,Albion Street North,2018,March,9,Sunday,04/03/2018,,15844,0,15844,15844,0,15844,43163,43163
Leeds,Albion Street South,2018,March,9,Sunday,04/03/2018,,9994,0,9994,9994,0,9994,43163,43163
Leeds,Briggate,2018,March,9,Sunday,04/03/2018,,21746,0,21746,21746,0,21746,43163,43163
Leeds,"Briggate at McDonalds	",2018,March,9,Sunday,04/03/2018,,7434,7571,7434,7434,7571,7434,43163,43163
Leeds,Commercial Street at Barratts,2018,March,9,Sunday,04/03/2018,,10469,0,10469,10469,0,10469,43163,43163
Leeds,Commercial Street at Sharps,2018,March,9,Sunday,04/03/2018,,11931,0,11931,11931,0,11931,43163,43163
Leeds,"Dortmund Square	",2018,March,9,Sunday,04/03/2018,,9477,0,9477,9477,0,9477,43163,43163
Leeds,Headrow,2018,March,9,Sunday,04/03/2018,,5627,0,5627,5627,0,5627,43163,43163
Leeds,Albion Street North,2018,March,10,Monday,05/03/2018,,32522,0,32522,32522,0,32522,43164,43164
Leeds,Albion Street South,2018,March,10,Monday,05/03/2018,,21562,0,21562,21562,0,21562,43164,43164
Leeds,Briggate,2018,March,10,Monday,05/03/2018,,27581,0,27581,27581,0,27581,43164,43164
Leeds,"Briggate at McDonalds	",2018,March,10,Monday,05/03/2018,,12679,12870,12679,12679,12870,12679,43164,43164
Leeds,Commercial Street at Barratts,2018,March,10,Monday,05/03/2018,,22373,0,22373,22373,0,22373,43164,43164
Leeds,Commercial Street at Sharps,2018,March,10,Monday,05/03/2018,,22531,0,22531,22531,0,22531,43164,43164
Leeds,"Dortmund Square	",2018,March,10,Monday,05/03/2018,,21017,0,21017,21017,0,21017,43164,43164
Leeds,Headrow,2018,March,10,Monday,05/03/2018,,16914,0,16914,16914,0,16914,43164,43164
Leeds,Albion Street North,2018,March,10,Tuesday,06/03/2018,,31493,0,31493,31493,0,31493,43165,43165
Leeds,Albion Street South,2018,March,10,Tuesday,06/03/2018,,21093,0,21093,21093,0,21093,43165,43165
Leeds,Briggate,2018,March,10,Tuesday,06/03/2018,,30501,0,30501,30501,0,30501,43165,43165
Leeds,"Briggate at McDonalds	",2018,March,10,Tuesday,06/03/2018,,12936,0,12936,12936,0,12936,43165,43165
Leeds,Commercial Street at Barratts,2018,March,10,Tuesday,06/03/2018,,17478,0,17478,17478,0,17478,43165,43165
Leeds,Commercial Street at Sharps,2018,March,10,Tuesday,06/03/2018,,23201,0,23201,23201,0,23201,43165,43165
Leeds,"Dortmund Square	",2018,March,10,Tuesday,06/03/2018,,20907,0,20907,20907,0,20907,43165,43165
Leeds,Headrow,2018,March,10,Tuesday,06/03/2018,,20046,0,20046,20046,0,20046,43165,43165
Leeds,Albion Street North,2018,March,10,Wednesday,07/03/2018,,33441,0,33441,33441,0,33441,43166,43166
Leeds,Albion Street South,2018,March,10,Wednesday,07/03/2018,,22719,0,22719,22719,0,22719,43166,43166
Leeds,Briggate,2018,March,10,Wednesday,07/03/2018,,32485,0,32485,32485,0,32485,43166,43166
Leeds,"Briggate at McDonalds	",2018,March,10,Wednesday,07/03/2018,,13719,0,13719,13719,0,13719,43166,43166
Leeds,Commercial Street at Barratts,2018,March,10,Wednesday,07/03/2018,,21417,0,21417,21417,0,21417,43166,43166
Leeds,Commercial Street at Sharps,2018,March,10,Wednesday,07/03/2018,,28259,0,28259,28259,0,28259,43166,43166
Leeds,"Dortmund Square	",2018,March,10,Wednesday,07/03/2018,,20840,0,20840,20840,0,20840,43166,43166
Leeds,Headrow,2018,March,10,Wednesday,07/03/2018,,18269,0,18269,18269,0,18269,43166,43166
Leeds,Albion Street North,2018,March,10,Thursday,08/03/2018,,27962,0,27962,27962,0,27962,43167,43167
Leeds,Albion Street South,2018,March,10,Thursday,08/03/2018,,17015,0,17015,17015,0,17015,43167,43167
Leeds,Briggate,2018,March,10,Thursday,08/03/2018,,30228,0,30228,30228,0,30228,43167,43167
Leeds,"Briggate at McDonalds	",2018,March,10,Thursday,08/03/2018,,11738,0,11738,11738,0,11738,43167,43167
Leeds,Commercial Street at Barratts,2018,March,10,Thursday,08/03/2018,,23056,0,23056,23056,0,23056,43167,43167
Leeds,Commercial Street at Sharps,2018,March,10,Thursday,08/03/2018,,19903,0,19903,19903,0,19903,43167,43167
Leeds,"Dortmund Square	",2018,March,10,Thursday,08/03/2018,,19716,0,19716,19716,0,19716,43167,43167
Leeds,Headrow,2018,March,10,Thursday,08/03/2018,,15171,0,15171,15171,0,15171,43167,43167
Leeds,Albion Street North,2018,March,10,Friday,09/03/2018,,38069,0,38069,38069,0,38069,43168,43168
Leeds,Albion Street South,2018,March,10,Friday,09/03/2018,,24918,0,24918,24918,0,24918,43168,43168
Leeds,Briggate,2018,March,10,Friday,09/03/2018,,40918,0,40918,40918,0,40918,43168,43168
Leeds,"Briggate at McDonalds	",2018,March,10,Friday,09/03/2018,,15973,0,15973,15973,0,15973,43168,43168
Leeds,Commercial Street at Barratts,2018,March,10,Friday,09/03/2018,,14917,0,14917,14917,0,14917,43168,43168
Leeds,Commercial Street at Sharps,2018,March,10,Friday,09/03/2018,,32711,0,32711,32711,0,32711,43168,43168
Leeds,"Dortmund Square	",2018,March,10,Friday,09/03/2018,,25245,0,25245,25245,0,25245,43168,43168
Leeds,Headrow,2018,March,10,Friday,09/03/2018,,21492,0,21492,21492,0,21492,43168,43168
Leeds,Albion Street North,2018,March,10,Saturday,10/03/2018,,36364,0,36364,36364,0,36364,43169,43169
Leeds,Albion Street South,2018,March,10,Saturday,10/03/2018,,25187,0,25187,25187,0,25187,43169,43169
Leeds,Briggate,2018,March,10,Saturday,10/03/2018,,53431,0,53431,53431,0,53431,43169,43169
Leeds,"Briggate at McDonalds	",2018,March,10,Saturday,10/03/2018,,18213,19680,18213,18213,19680,18213,43169,43169
Leeds,Commercial Street at Barratts,2018,March,10,Saturday,10/03/2018,,29118,0,29118,29118,0,29118,43169,43169
Leeds,Commercial Street at Sharps,2018,March,10,Saturday,10/03/2018,,36401,0,36401,36401,0,36401,43169,43169
Leeds,"Dortmund Square	",2018,March,10,Saturday,10/03/2018,,19551,0,19551,19551,0,19551,43169,43169
Leeds,Headrow,2018,March,10,Saturday,10/03/2018,,24412,0,24412,24412,0,24412,43169,43169
Leeds,Albion Street North,2018,March,10,Sunday,11/03/2018,,21005,0,21005,21005,0,21005,43170,43170
Leeds,Albion Street South,2018,March,10,Sunday,11/03/2018,,13506,0,13506,13506,0,13506,43170,43170
Leeds,Briggate,2018,March,10,Sunday,11/03/2018,,30121,0,30121,30121,0,30121,43170,43170
Leeds,"Briggate at McDonalds	",2018,March,10,Sunday,11/03/2018,,9795,0,9795,9795,0,9795,43170,43170
Leeds,Commercial Street at Barratts,2018,March,10,Sunday,11/03/2018,,13711,0,13711,13711,0,13711,43170,43170
Leeds,Commercial Street at Sharps,2018,March,10,Sunday,11/03/2018,,16262,0,16262,16262,0,16262,43170,43170
Leeds,"Dortmund Square	",2018,March,10,Sunday,11/03/2018,,11791,0,11791,11791,0,11791,43170,43170
Leeds,Headrow,2018,March,10,Sunday,11/03/2018,,12427,0,12427,12427,0,12427,43170,43170
Leeds,Albion Street North,2018,March,11,Monday,12/03/2018,,24774,0,24774,24774,0,24774,43171,43171
Leeds,Albion Street South,2018,March,11,Monday,12/03/2018,,16726,0,16726,16726,0,16726,43171,43171
Leeds,Briggate,2018,March,11,Monday,12/03/2018,,23630,0,23630,23630,0,23630,43171,43171
Leeds,"Briggate at McDonalds	",2018,March,11,Monday,12/03/2018,,10932,10251,10932,10932,10251,10932,43171,43171
Leeds,Commercial Street at Barratts,2018,March,11,Monday,12/03/2018,,21399,0,21399,21399,0,21399,43171,43171
Leeds,Commercial Street at Sharps,2018,March,11,Monday,12/03/2018,,17758,0,17758,17758,0,17758,43171,43171
Leeds,"Dortmund Square	",2018,March,11,Monday,12/03/2018,,15825,0,15825,15825,0,15825,43171,43171
Leeds,Headrow,2018,March,11,Monday,12/03/2018,,14548,0,14548,14548,0,14548,43171,43171
Leeds,Albion Street North,2018,March,11,Tuesday,13/03/2018,,31028,0,31028,31028,0,31028,43172,43172
Leeds,Albion Street South,2018,March,11,Tuesday,13/03/2018,,20032,0,20032,20032,0,20032,43172,43172
Leeds,Briggate,2018,March,11,Tuesday,13/03/2018,,31402,0,31402,31402,0,31402,43172,43172
Leeds,"Briggate at McDonalds	",2018,March,11,Tuesday,13/03/2018,,13439,0,13439,13439,0,13439,43172,43172
Leeds,Commercial Street at Barratts,2018,March,11,Tuesday,13/03/2018,,16666,0,16666,16666,0,16666,43172,43172
Leeds,Commercial Street at Sharps,2018,March,11,Tuesday,13/03/2018,,24058,0,24058,24058,0,24058,43172,43172
Leeds,"Dortmund Square	",2018,March,11,Tuesday,13/03/2018,,20266,0,20266,20266,0,20266,43172,43172
Leeds,Headrow,2018,March,11,Tuesday,13/03/2018,,18350,0,18350,18350,0,18350,43172,43172
Leeds,Albion Street North,2018,March,11,Wednesday,14/03/2018,,32631,0,32631,32631,0,32631,43173,43173
Leeds,Albion Street South,2018,March,11,Wednesday,14/03/2018,,20469,0,20469,20469,0,20469,43173,43173
Leeds,Briggate,2018,March,11,Wednesday,14/03/2018,,32329,0,32329,32329,0,32329,43173,43173
Leeds,"Briggate at McDonalds	",2018,March,11,Wednesday,14/03/2018,,13441,13819,13441,13441,13819,13441,43173,43173
Leeds,Commercial Street at Barratts,2018,March,11,Wednesday,14/03/2018,,23020,0,23020,23020,0,23020,43173,43173
Leeds,Commercial Street at Sharps,2018,March,11,Wednesday,14/03/2018,,25362,0,25362,25362,0,25362,43173,43173
Leeds,"Dortmund Square	",2018,March,11,Wednesday,14/03/2018,,20032,0,20032,20032,0,20032,43173,43173
Leeds,Headrow,2018,March,11,Wednesday,14/03/2018,,17304,0,17304,17304,0,17304,43173,43173
Leeds,Albion Street North,2018,March,11,Thursday,15/03/2018,,26912,0,26912,26912,0,26912,43174,43174
Leeds,Albion Street South,2018,March,11,Thursday,15/03/2018,,17255,0,17255,17255,0,17255,43174,43174
Leeds,Briggate,2018,March,11,Thursday,15/03/2018,,29472,0,29472,29472,0,29472,43174,43174
Leeds,"Briggate at McDonalds	",2018,March,11,Thursday,15/03/2018,,11992,0,11992,11992,0,11992,43174,43174
Leeds,Commercial Street at Barratts,2018,March,11,Thursday,15/03/2018,,21350,0,21350,21350,0,21350,43174,43174
Leeds,Commercial Street at Sharps,2018,March,11,Thursday,15/03/2018,,22914,0,22914,22914,0,22914,43174,43174
Leeds,"Dortmund Square	",2018,March,11,Thursday,15/03/2018,,17069,0,17069,17069,0,17069,43174,43174
Leeds,Headrow,2018,March,11,Thursday,15/03/2018,,18508,0,18508,18508,0,18508,43174,43174
Leeds,Albion Street North,2018,March,11,Friday,16/03/2018,,29439,0,29439,29439,0,29439,43175,43175
Leeds,Albion Street South,2018,March,11,Friday,16/03/2018,,18945,0,18945,18945,0,18945,43175,43175
Leeds,Briggate,2018,March,11,Friday,16/03/2018,,33603,0,33603,33603,0,33603,43175,43175
Leeds,"Briggate at McDonalds	",2018,March,11,Friday,16/03/2018,,13712,13790,13712,13712,13790,13712,43175,43175
Leeds,Commercial Street at Barratts,2018,March,11,Friday,16/03/2018,,11170,0,11170,11170,0,11170,43175,43175
Leeds,Commercial Street at Sharps,2018,March,11,Friday,16/03/2018,,25058,0,25058,25058,0,25058,43175,43175
Leeds,"Dortmund Square	",2018,March,11,Friday,16/03/2018,,19338,0,19338,19338,0,19338,43175,43175
Leeds,Headrow,2018,March,11,Friday,16/03/2018,,17374,0,17374,17374,0,17374,43175,43175
Leeds,Albion Street North,2018,March,11,Saturday,17/03/2018,,31539,0,31539,31539,0,31539,43176,43176
Leeds,Albion Street South,2018,March,11,Saturday,17/03/2018,,16743,0,16743,16743,0,16743,43176,43176
Leeds,Briggate,2018,March,11,Saturday,17/03/2018,,45506,0,45506,45506,0,45506,43176,43176
Leeds,"Briggate at McDonalds	",2018,March,11,Saturday,17/03/2018,,14392,0,14392,14392,0,14392,43176,43176
Leeds,Commercial Street at Barratts,2018,March,11,Saturday,17/03/2018,,21158,0,21158,21158,0,21158,43176,43176
Leeds,Commercial Street at Sharps,2018,March,11,Saturday,17/03/2018,,22945,0,22945,22945,0,22945,43176,43176
Leeds,"Dortmund Square	",2018,March,11,Saturday,17/03/2018,,18818,0,18818,18818,0,18818,43176,43176
Leeds,Headrow,2018,March,11,Saturday,17/03/2018,,16731,0,16731,16731,0,16731,43176,43176
Leeds,Albion Street North,2018,March,11,Sunday,18/03/2018,,18203,0,18203,18203,0,18203,43177,43177
Leeds,Albion Street South,2018,March,11,Sunday,18/03/2018,,7598,0,7598,7598,0,7598,43177,43177
Leeds,Briggate,2018,March,11,Sunday,18/03/2018,,19349,0,19349,19349,0,19349,43177,43177
Leeds,"Briggate at McDonalds	",2018,March,11,Sunday,18/03/2018,,6378,0,6378,6378,0,6378,43177,43177
Leeds,Commercial Street at Barratts,2018,March,11,Sunday,18/03/2018,,9995,0,9995,9995,0,9995,43177,43177
Leeds,Commercial Street at Sharps,2018,March,11,Sunday,18/03/2018,,9012,0,9012,9012,0,9012,43177,43177
Leeds,"Dortmund Square	",2018,March,11,Sunday,18/03/2018,,7537,0,7537,7537,0,7537,43177,43177
Leeds,Headrow,2018,March,11,Sunday,18/03/2018,,7315,0,7315,7315,0,7315,43177,43177
Leeds,Albion Street North,2018,March,12,Monday,19/03/2018,,32916,0,32916,32916,0,32916,43178,43178
Leeds,Albion Street South,2018,March,12,Monday,19/03/2018,,17353,0,17353,17353,0,17353,43178,43178
Leeds,Briggate,2018,March,12,Monday,19/03/2018,,27784,0,27784,27784,0,27784,43178,43178
Leeds,"Briggate at McDonalds	",2018,March,12,Monday,19/03/2018,,12376,12483,12376,12376,12483,12376,43178,43178
Leeds,Commercial Street at Barratts,2018,March,12,Monday,19/03/2018,,22475,0,22475,22475,0,22475,43178,43178
Leeds,Commercial Street at Sharps,2018,March,12,Monday,19/03/2018,,19605,0,19605,19605,0,19605,43178,43178
Leeds,"Dortmund Square	",2018,March,12,Monday,19/03/2018,,21998,0,21998,21998,0,21998,43178,43178
Leeds,Headrow,2018,March,12,Monday,19/03/2018,,15992,0,15992,15992,0,15992,43178,43178
Leeds,Albion Street North,2018,March,12,Tuesday,20/03/2018,,31382,0,31382,31382,0,31382,43179,43179
Leeds,Albion Street South,2018,March,12,Tuesday,20/03/2018,,20879,0,20879,20879,0,20879,43179,43179
Leeds,Briggate,2018,March,12,Tuesday,20/03/2018,,30626,0,30626,30626,0,30626,43179,43179
Leeds,"Briggate at McDonalds	",2018,March,12,Tuesday,20/03/2018,,13022,0,13022,13022,0,13022,43179,43179
Leeds,Commercial Street at Barratts,2018,March,12,Tuesday,20/03/2018,,12860,0,12860,12860,0,12860,43179,43179
Leeds,Commercial Street at Sharps,2018,March,12,Tuesday,20/03/2018,,23058,0,23058,23058,0,23058,43179,43179
Leeds,"Dortmund Square	",2018,March,12,Tuesday,20/03/2018,,20355,0,20355,20355,0,20355,43179,43179
Leeds,Headrow,2018,March,12,Tuesday,20/03/2018,,16572,0,16572,16572,0,16572,43179,43179
Leeds,Albion Street North,2018,March,12,Wednesday,21/03/2018,,28697,0,28697,28697,0,28697,43180,43180
Leeds,Albion Street South,2018,March,12,Wednesday,21/03/2018,,19805,0,19805,19805,0,19805,43180,43180
Leeds,Briggate,2018,March,12,Wednesday,21/03/2018,,31633,0,31633,31633,0,31633,43180,43180
Leeds,"Briggate at McDonalds	",2018,March,12,Wednesday,21/03/2018,,13626,0,13626,13626,0,13626,43180,43180
Leeds,Commercial Street at Barratts,2018,March,12,Wednesday,21/03/2018,,21272,0,21272,21272,0,21272,43180,43180
Leeds,Commercial Street at Sharps,2018,March,12,Wednesday,21/03/2018,,23873,0,23873,23873,0,23873,43180,43180
Leeds,"Dortmund Square	",2018,March,12,Wednesday,21/03/2018,,22171,0,22171,22171,0,22171,43180,43180
Leeds,Headrow,2018,March,12,Wednesday,21/03/2018,,16462,0,16462,16462,0,16462,43180,43180
Leeds,Albion Street North,2018,March,12,Thursday,22/03/2018,,31285,0,31285,31285,0,31285,43181,43181
Leeds,Albion Street South,2018,March,12,Thursday,22/03/2018,,20672,0,20672,20672,0,20672,43181,43181
Leeds,Briggate,2018,March,12,Thursday,22/03/2018,,33465,0,33465,33465,0,33465,43181,43181
Leeds,"Briggate at McDonalds	",2018,March,12,Thursday,22/03/2018,,14166,14599,14166,14166,14599,14166,43181,43181
Leeds,Commercial Street at Barratts,2018,March,12,Thursday,22/03/2018,,23641,0,23641,23641,0,23641,43181,43181
Leeds,Commercial Street at Sharps,2018,March,12,Thursday,22/03/2018,,25366,0,25366,25366,0,25366,43181,43181
Leeds,"Dortmund Square	",2018,March,12,Thursday,22/03/2018,,22670,0,22670,22670,0,22670,43181,43181
Leeds,Headrow,2018,March,12,Thursday,22/03/2018,,17042,0,17042,17042,0,17042,43181,43181
Leeds,Albion Street North,2018,March,12,Friday,23/03/2018,,31979,0,31979,31979,0,31979,43182,43182
Leeds,Albion Street South,2018,March,12,Friday,23/03/2018,,21063,0,21063,21063,0,21063,43182,43182
Leeds,Briggate,2018,March,12,Friday,23/03/2018,,38622,0,38622,38622,0,38622,43182,43182
Leeds,"Briggate at McDonalds	",2018,March,12,Friday,23/03/2018,,15334,0,15334,15334,0,15334,43182,43182
Leeds,Commercial Street at Barratts,2018,March,12,Friday,23/03/2018,,17800,0,17800,17800,0,17800,43182,43182
Leeds,Commercial Street at Sharps,2018,March,12,Friday,23/03/2018,,26951,0,26951,26951,0,26951,43182,43182
Leeds,"Dortmund Square	",2018,March,12,Friday,23/03/2018,,20863,0,20863,20863,0,20863,43182,43182
Leeds,Headrow,2018,March,12,Friday,23/03/2018,,17620,0,17620,17620,0,17620,43182,43182
Leeds,Albion Street North,2018,March,12,Saturday,24/03/2018,,36509,0,36509,36509,0,36509,43183,43183
Leeds,Albion Street South,2018,March,12,Saturday,24/03/2018,,24298,0,24298,24298,0,24298,43183,43183
Leeds,Briggate,2018,March,12,Saturday,24/03/2018,,54787,0,54787,54787,0,54787,43183,43183
Leeds,"Briggate at McDonalds	",2018,March,12,Saturday,24/03/2018,,19035,0,19035,19035,0,19035,43183,43183
Leeds,Commercial Street at Barratts,2018,March,12,Saturday,24/03/2018,,25659,0,25659,25659,0,25659,43183,43183
Leeds,Commercial Street at Sharps,2018,March,12,Saturday,24/03/2018,,32642,0,32642,32642,0,32642,43183,43183
Leeds,"Dortmund Square	",2018,March,12,Saturday,24/03/2018,,21942,0,21942,21942,0,21942,43183,43183
Leeds,Headrow,2018,March,12,Saturday,24/03/2018,,22073,0,22073,22073,0,22073,43183,43183
Leeds,Albion Street North,2018,March,12,Sunday,25/03/2018,,20493,0,20493,20493,0,20493,43184,43184
Leeds,Albion Street South,2018,March,12,Sunday,25/03/2018,,11403,0,11403,11403,0,11403,43184,43184
Leeds,Briggate,2018,March,12,Sunday,25/03/2018,,34920,0,34920,34920,0,34920,43184,43184
Leeds,"Briggate at McDonalds	",2018,March,12,Sunday,25/03/2018,,10565,0,10565,10565,0,10565,43184,43184
Leeds,Commercial Street at Barratts,2018,March,12,Sunday,25/03/2018,,12385,0,12385,12385,0,12385,43184,43184
Leeds,Commercial Street at Sharps,2018,March,12,Sunday,25/03/2018,,15650,0,15650,15650,0,15650,43184,43184
Leeds,"Dortmund Square	",2018,March,12,Sunday,25/03/2018,,13698,0,13698,13698,0,13698,43184,43184
Leeds,Headrow,2018,March,12,Sunday,25/03/2018,,11366,0,11366,11366,0,11366,43184,43184
Leeds,Albion Street North,2018,March,13,Monday,26/03/2018,,30641,0,30641,30641,0,30641,43185,43185
Leeds,Albion Street South,2018,March,13,Monday,26/03/2018,,17899,0,17899,17899,0,17899,43185,43185
Leeds,Briggate,2018,March,13,Monday,26/03/2018,,30502,0,30502,30502,0,30502,43185,43185
Leeds,"Briggate at McDonalds	",2018,March,13,Monday,26/03/2018,,13869,0,13869,13869,0,13869,43185,43185
Leeds,Commercial Street at Barratts,2018,March,13,Monday,26/03/2018,,26722,0,26722,26722,0,26722,43185,43185
Leeds,Commercial Street at Sharps,2018,March,13,Monday,26/03/2018,,22590,0,22590,22590,0,22590,43185,43185
Leeds,"Dortmund Square	",2018,March,13,Monday,26/03/2018,,23049,0,23049,23049,0,23049,43185,43185
Leeds,Headrow,2018,March,13,Monday,26/03/2018,,17035,0,17035,17035,0,17035,43185,43185
Leeds,Albion Street North,2018,March,13,Tuesday,27/03/2018,,29424,0,29424,29424,0,29424,43186,43186
Leeds,Albion Street South,2018,March,13,Tuesday,27/03/2018,,19647,0,19647,19647,0,19647,43186,43186
Leeds,Briggate,2018,March,13,Tuesday,27/03/2018,,30854,0,30854,30854,0,30854,43186,43186
Leeds,"Briggate at McDonalds	",2018,March,13,Tuesday,27/03/2018,,12913,12724,12913,12913,12724,12913,43186,43186
Leeds,Commercial Street at Barratts,2018,March,13,Tuesday,27/03/2018,,15222,0,15222,15222,0,15222,43186,43186
Leeds,Commercial Street at Sharps,2018,March,13,Tuesday,27/03/2018,,22879,0,22879,22879,0,22879,43186,43186
Leeds,"Dortmund Square	",2018,March,13,Tuesday,27/03/2018,,19118,0,19118,19118,0,19118,43186,43186
Leeds,Headrow,2018,March,13,Tuesday,27/03/2018,,17412,0,17412,17412,0,17412,43186,43186
Leeds,Albion Street North,2018,March,13,Wednesday,28/03/2018,,33232,0,33232,33232,0,33232,43187,43187
Leeds,Albion Street South,2018,March,13,Wednesday,28/03/2018,,21118,0,21118,21118,0,21118,43187,43187
Leeds,Briggate,2018,March,13,Wednesday,28/03/2018,,33565,0,33565,33565,0,33565,43187,43187
Leeds,"Briggate at McDonalds	",2018,March,13,Wednesday,28/03/2018,,13991,0,13991,13991,0,13991,43187,43187
Leeds,Commercial Street at Barratts,2018,March,13,Wednesday,28/03/2018,,21896,0,21896,21896,0,21896,43187,43187
Leeds,Commercial Street at Sharps,2018,March,13,Wednesday,28/03/2018,,23908,0,23908,23908,0,23908,43187,43187
Leeds,"Dortmund Square	",2018,March,13,Wednesday,28/03/2018,,22615,0,22615,22615,0,22615,43187,43187
Leeds,Headrow,2018,March,13,Wednesday,28/03/2018,,17459,0,17459,17459,0,17459,43187,43187
Leeds,Albion Street North,2018,March,13,Thursday,29/03/2018,,33494,0,33494,33494,0,33494,43188,43188
Leeds,Albion Street South,2018,March,13,Thursday,29/03/2018,,21434,0,21434,21434,0,21434,43188,43188
Leeds,Briggate,2018,March,13,Thursday,29/03/2018,,38352,0,38352,38352,0,38352,43188,43188
Leeds,"Briggate at McDonalds	",2018,March,13,Thursday,29/03/2018,,15657,0,15657,15657,0,15657,43188,43188
Leeds,Commercial Street at Barratts,2018,March,13,Thursday,29/03/2018,,25086,0,25086,25086,0,25086,43188,43188
Leeds,Commercial Street at Sharps,2018,March,13,Thursday,29/03/2018,,28318,0,28318,28318,0,28318,43188,43188
Leeds,"Dortmund Square	",2018,March,13,Thursday,29/03/2018,,22877,0,22877,22877,0,22877,43188,43188
Leeds,Headrow,2018,March,13,Thursday,29/03/2018,,19959,0,19959,19959,0,19959,43188,43188
Leeds,Albion Street North,2018,March,13,Friday,30/03/2018,,31358,0,31358,31358,0,31358,43189,43189
Leeds,Albion Street South,2018,March,13,Friday,30/03/2018,,21264,0,21264,21264,0,21264,43189,43189
Leeds,Briggate,2018,March,13,Friday,30/03/2018,,48193,0,48193,48193,0,48193,43189,43189
Leeds,"Briggate at McDonalds	",2018,March,13,Friday,30/03/2018,,15733,0,15733,15733,0,15733,43189,43189
Leeds,Commercial Street at Barratts,2018,March,13,Friday,30/03/2018,,20992,0,20992,20992,0,20992,43189,43189
Leeds,Commercial Street at Sharps,2018,March,13,Friday,30/03/2018,,25446,0,25446,25446,0,25446,43189,43189
Leeds,"Dortmund Square	",2018,March,13,Friday,30/03/2018,,19066,0,19066,19066,0,19066,43189,43189
Leeds,Headrow,2018,March,13,Friday,30/03/2018,,17944,0,17944,17944,0,17944,43189,43189
Leeds,Albion Street North,2018,March,13,Saturday,31/03/2018,,29368,0,29368,29368,0,29368,43190,43190
Leeds,Albion Street South,2018,March,13,Saturday,31/03/2018,,20245,0,20245,20245,0,20245,43190,43190
Leeds,Briggate,2018,March,13,Saturday,31/03/2018,,45936,0,45936,45936,0,45936,43190,43190
Leeds,"Briggate at McDonalds	",2018,March,13,Saturday,31/03/2018,,15131,0,15131,15131,0,15131,43190,43190
Leeds,Commercial Street at Barratts,2018,March,13,Saturday,31/03/2018,,20404,0,20404,20404,0,20404,43190,43190
Leeds,Commercial Street at Sharps,2018,March,13,Saturday,31/03/2018,,25507,0,25507,25507,0,25507,43190,43190
Leeds,"Dortmund Square	",2018,March,13,Saturday,31/03/2018,,17615,0,17615,17615,0,17615,43190,43190
Leeds,Headrow,2018,March,13,Saturday,31/03/2018,,17736,0,17736,17736,0,17736,43190,43190
Leeds,Albion Street North,2018,March,13,Sunday,01/04/2018,,11619,0,11619,11619,0,11619,43191,43191
Leeds,Albion Street South,2018,March,13,Sunday,01/04/2018,,6750,0,6750,6750,0,6750,43191,43191
Leeds,Briggate,2018,March,13,Sunday,01/04/2018,,17443,0,17443,17443,0,17443,43191,43191
Leeds,"Briggate at McDonalds	",2018,March,13,Sunday,01/04/2018,,7046,0,7046,7046,0,7046,43191,43191
Leeds,Commercial Street at Barratts,2018,March,13,Sunday,01/04/2018,,5711,0,5711,5711,0,5711,43191,43191
Leeds,Commercial Street at Sharps,2018,March,13,Sunday,01/04/2018,,7941,0,7941,7941,0,7941,43191,43191
Leeds,"Dortmund Square	",2018,March,13,Sunday,01/04/2018,,5282,0,5282,5282,0,5282,43191,43191
Leeds,Headrow,2018,March,13,Sunday,01/04/2018,,7477,0,7477,7477,0,7477,43191,43191
Leeds,Albion Street North,2018,April,14,Monday,02/04/2018,,14059,0,14059,14059,0,14059,43192,43192
Leeds,Albion Street South,2018,April,14,Monday,02/04/2018,,8743,0,8743,8743,0,8743,43192,43192
Leeds,Briggate,2018,April,14,Monday,02/04/2018,,28130,0,28130,28130,0,28130,43192,43192
Leeds,"Briggate at McDonalds	",2018,April,14,Monday,02/04/2018,,6705,0,6705,6705,0,6705,43192,43192
Leeds,Commercial Street at Barratts,2018,April,14,Monday,02/04/2018,,14676,0,14676,14676,0,14676,43192,43192
Leeds,Commercial Street at Sharps,2018,April,14,Monday,02/04/2018,,11031,0,11031,11031,0,11031,43192,43192
Leeds,"Dortmund Square	",2018,April,14,Monday,02/04/2018,,8042,0,8042,8042,0,8042,43192,43192
Leeds,Headrow,2018,April,14,Monday,02/04/2018,,7796,0,7796,7796,0,7796,43192,43192
Leeds,Albion Street North,2018,April,14,Tuesday,03/04/2018,,32352,0,32352,32352,0,32352,43193,43193
Leeds,Albion Street South,2018,April,14,Tuesday,03/04/2018,,21796,0,21796,21796,0,21796,43193,43193
Leeds,Briggate,2018,April,14,Tuesday,03/04/2018,,36090,0,36090,36090,0,36090,43193,43193
Leeds,"Briggate at McDonalds	",2018,April,14,Tuesday,03/04/2018,,13335,0,13335,13335,0,13335,43193,43193
Leeds,Commercial Street at Barratts,2018,April,14,Tuesday,03/04/2018,,16744,0,16744,16744,0,16744,43193,43193
Leeds,Commercial Street at Sharps,2018,April,14,Tuesday,03/04/2018,,25690,0,25690,25690,0,25690,43193,43193
Leeds,"Dortmund Square	",2018,April,14,Tuesday,03/04/2018,,20627,0,20627,20627,0,20627,43193,43193
Leeds,Headrow,2018,April,14,Tuesday,03/04/2018,,17545,0,17545,17545,0,17545,43193,43193
Leeds,Albion Street North,2018,April,14,Wednesday,04/04/2018,,30582,0,30582,30582,0,30582,43194,43194
Leeds,Albion Street South,2018,April,14,Wednesday,04/04/2018,,20076,0,20076,20076,0,20076,43194,43194
Leeds,Briggate,2018,April,14,Wednesday,04/04/2018,,32634,0,32634,32634,0,32634,43194,43194
Leeds,"Briggate at McDonalds	",2018,April,14,Wednesday,04/04/2018,,12773,0,12773,12773,0,12773,43194,43194
Leeds,Commercial Street at Barratts,2018,April,14,Wednesday,04/04/2018,,21020,0,21020,21020,0,21020,43194,43194
Leeds,Commercial Street at Sharps,2018,April,14,Wednesday,04/04/2018,,23840,0,23840,23840,0,23840,43194,43194
Leeds,"Dortmund Square	",2018,April,14,Wednesday,04/04/2018,,19529,0,19529,19529,0,19529,43194,43194
Leeds,Headrow,2018,April,14,Wednesday,04/04/2018,,15499,0,15499,15499,0,15499,43194,43194
Leeds,Albion Street North,2018,April,14,Thursday,05/04/2018,,34806,0,34806,34806,0,34806,43195,43195
Leeds,Albion Street South,2018,April,14,Thursday,05/04/2018,,19674,0,19674,19674,0,19674,43195,43195
Leeds,Briggate,2018,April,14,Thursday,05/04/2018,,38567,0,38567,38567,0,38567,43195,43195
Leeds,"Briggate at McDonalds	",2018,April,14,Thursday,05/04/2018,,16101,0,16101,16101,0,16101,43195,43195
Leeds,Commercial Street at Barratts,2018,April,14,Thursday,05/04/2018,,23354,0,23354,23354,0,23354,43195,43195
Leeds,Commercial Street at Sharps,2018,April,14,Thursday,05/04/2018,,21536,0,21536,21536,0,21536,43195,43195
Leeds,"Dortmund Square	",2018,April,14,Thursday,05/04/2018,,29705,0,29705,29705,0,29705,43195,43195
Leeds,Headrow,2018,April,14,Thursday,05/04/2018,,20158,0,20158,20158,0,20158,43195,43195
Leeds,Albion Street North,2018,April,14,Friday,06/04/2018,,34818,0,34818,34818,0,34818,43196,43196
Leeds,Albion Street South,2018,April,14,Friday,06/04/2018,,23328,0,23328,23328,0,23328,43196,43196
Leeds,Briggate,2018,April,14,Friday,06/04/2018,,41468,0,41468,41468,0,41468,43196,43196
Leeds,"Briggate at McDonalds	",2018,April,14,Friday,06/04/2018,,15471,0,15471,15471,0,15471,43196,43196
Leeds,Commercial Street at Barratts,2018,April,14,Friday,06/04/2018,,21105,0,21105,21105,0,21105,43196,43196
Leeds,Commercial Street at Sharps,2018,April,14,Friday,06/04/2018,,29000,0,29000,29000,0,29000,43196,43196
Leeds,"Dortmund Square	",2018,April,14,Friday,06/04/2018,,21142,0,21142,21142,0,21142,43196,43196
Leeds,Headrow,2018,April,14,Friday,06/04/2018,,19173,0,19173,19173,0,19173,43196,43196
Leeds,Albion Street North,2018,April,14,Saturday,07/04/2018,,35746,0,35746,35746,0,35746,43197,43197
Leeds,Albion Street South,2018,April,14,Saturday,07/04/2018,,23499,0,23499,23499,0,23499,43197,43197
Leeds,Briggate,2018,April,14,Saturday,07/04/2018,,47445,0,47445,47445,0,47445,43197,43197
Leeds,"Briggate at McDonalds	",2018,April,14,Saturday,07/04/2018,,16956,0,16956,16956,0,16956,43197,43197
Leeds,Commercial Street at Barratts,2018,April,14,Saturday,07/04/2018,,23057,0,23057,23057,0,23057,43197,43197
Leeds,Commercial Street at Sharps,2018,April,14,Saturday,07/04/2018,,28746,0,28746,28746,0,28746,43197,43197
Leeds,"Dortmund Square	",2018,April,14,Saturday,07/04/2018,,20234,0,20234,20234,0,20234,43197,43197
Leeds,Headrow,2018,April,14,Saturday,07/04/2018,,19913,0,19913,19913,0,19913,43197,43197
Leeds,Albion Street North,2018,April,14,Sunday,08/04/2018,,19824,0,19824,19824,0,19824,43198,43198
Leeds,Albion Street South,2018,April,14,Sunday,08/04/2018,,12273,0,12273,12273,0,12273,43198,43198
Leeds,Briggate,2018,April,14,Sunday,08/04/2018,,30226,0,30226,30226,0,30226,43198,43198
Leeds,"Briggate at McDonalds	",2018,April,14,Sunday,08/04/2018,,9806,0,9806,9806,0,9806,43198,43198
Leeds,Commercial Street at Barratts,2018,April,14,Sunday,08/04/2018,,9357,0,9357,9357,0,9357,43198,43198
Leeds,Commercial Street at Sharps,2018,April,14,Sunday,08/04/2018,,16239,0,16239,16239,0,16239,43198,43198
Leeds,"Dortmund Square	",2018,April,14,Sunday,08/04/2018,,11224,0,11224,11224,0,11224,43198,43198
Leeds,Headrow,2018,April,14,Sunday,08/04/2018,,10956,0,10956,10956,0,10956,43198,43198
Leeds,Albion Street North,2018,April,15,Monday,09/04/2018,,33465,0,33465,33465,0,33465,43199,43199
Leeds,Albion Street South,2018,April,15,Monday,09/04/2018,,19749,0,19749,19749,0,19749,43199,43199
Leeds,Briggate,2018,April,15,Monday,09/04/2018,,33468,0,33468,33468,0,33468,43199,43199
Leeds,"Briggate at McDonalds	",2018,April,15,Monday,09/04/2018,,13373,0,13373,13373,0,13373,43199,43199
Leeds,Commercial Street at Barratts,2018,April,15,Monday,09/04/2018,,23683,0,23683,23683,0,23683,43199,43199
Leeds,Commercial Street at Sharps,2018,April,15,Monday,09/04/2018,,25122,0,25122,25122,0,25122,43199,43199
Leeds,"Dortmund Square	",2018,April,15,Monday,09/04/2018,,22569,0,22569,22569,0,22569,43199,43199
Leeds,Headrow,2018,April,15,Monday,09/04/2018,,17633,0,17633,17633,0,17633,43199,43199
Leeds,Albion Street North,2018,April,15,Tuesday,10/04/2018,,29277,0,29277,29277,0,29277,43200,43200
Leeds,Albion Street South,2018,April,15,Tuesday,10/04/2018,,17816,0,17816,17816,0,17816,43200,43200
Leeds,Briggate,2018,April,15,Tuesday,10/04/2018,,31364,0,31364,31364,0,31364,43200,43200
Leeds,"Briggate at McDonalds	",2018,April,15,Tuesday,10/04/2018,,11305,0,11305,11305,0,11305,43200,43200
Leeds,Commercial Street at Barratts,2018,April,15,Tuesday,10/04/2018,,12964,0,12964,12964,0,12964,43200,43200
Leeds,Commercial Street at Sharps,2018,April,15,Tuesday,10/04/2018,,20540,0,20540,20540,0,20540,43200,43200
Leeds,"Dortmund Square	",2018,April,15,Tuesday,10/04/2018,,18716,0,18716,18716,0,18716,43200,43200
Leeds,Headrow,2018,April,15,Tuesday,10/04/2018,,14507,0,14507,14507,0,14507,43200,43200
