Date,InCount,BRCWeek,LocationName,Hour,Weekday,NewDate,Month,Year,Day,Day_yr,Month_yr,Week_yr,Hour_yr,week_no
01/01/2011,558,52,Briggate,0,Saturday,01-Jan-11,1,2011,1,Saturday/01-Jan-2011,Jan-11,00-2011,"00, 01-Jan-2011",1
01/01/2011,647,52,Briggate,1,Saturday,01-Jan-11,1,2011,1,Saturday/01-Jan-2011,Jan-11,00-2011,"00, 01-Jan-2011",1
01/01/2011,639,52,Briggate,2,Saturday,01-Jan-11,1,2011,1,Saturday/01-Jan-2011,Jan-11,00-2011,"00, 01-Jan-2011",1
01/01/2011,433,52,Briggate,3,Saturday,01-Jan-11,1,2011,1,Saturday/01-Jan-2011,Jan-11,00-2011,"00, 01-Jan-2011",1
01/01/2011,340,52,Briggate,4,Saturday,01-Jan-11,1,2011,1,Saturday/01-Jan-2011,Jan-11,00-2011,"00, 01-Jan-2011",1
01/01/2011,277,52,Briggate,5,Saturday,01-Jan-11,1,2011,1,Saturday/01-Jan-2011,Jan-11,00-2011,"00, 01-Jan-2011",1
01/01/2011,151,52,Briggate,6,Saturday,01-Jan-11,1,2011,1,Saturday/01-Jan-2011,Jan-11,00-2011,"00, 01-Jan-2011",1
01/01/2011,89,52,Briggate,7,Saturday,01-Jan-11,1,2011,1,Saturday/01-Jan-2011,Jan-11,00-2011,"00, 01-Jan-2011",1
01/01/2011,67,52,Briggate,8,Saturday,01-Jan-11,1,2011,1,Saturday/01-Jan-2011,Jan-11,00-2011,"00, 01-Jan-2011",1
01/01/2011,102,52,Briggate,9,Saturday,01-Jan-11,1,2011,1,Saturday/01-Jan-2011,Jan-11,00-2011,"00, 01-Jan-2011",1
01/01/2011,243,52,Briggate,10,Saturday,01-Jan-11,1,2011,1,Saturday/01-Jan-2011,Jan-11,00-2011,"00, 01-Jan-2011",1
01/01/2011,399,52,Briggate,11,Saturday,01-Jan-11,1,2011,1,Saturday/01-Jan-2011,Jan-11,00-2011,"00, 01-Jan-2011",1
01/01/2011,679,52,Briggate,12,Saturday,01-Jan-11,1,2011,1,Saturday/01-Jan-2011,Jan-11,00-2011,"00, 01-Jan-2011",1
01/01/2011,844,52,Briggate,13,Saturday,01-Jan-11,1,2011,1,Saturday/01-Jan-2011,Jan-11,00-2011,"00, 01-Jan-2011",1
01/01/2011,935,52,Briggate,14,Saturday,01-Jan-11,1,2011,1,Saturday/01-Jan-2011,Jan-11,00-2011,"00, 01-Jan-2011",1
01/01/2011,1037,52,Briggate,15,Saturday,01-Jan-11,1,2011,1,Saturday/01-Jan-2011,Jan-11,00-2011,"00, 01-Jan-2011",1
01/01/2011,550,52,Briggate,16,Saturday,01-Jan-11,1,2011,1,Saturday/01-Jan-2011,Jan-11,00-2011,"00, 01-Jan-2011",1
01/01/2011,386,52,Briggate,17,Saturday,01-Jan-11,1,2011,1,Saturday/01-Jan-2011,Jan-11,00-2011,"00, 01-Jan-2011",1
01/01/2011,268,52,Briggate,18,Saturday,01-Jan-11,1,2011,1,Saturday/01-Jan-2011,Jan-11,00-2011,"00, 01-Jan-2011",1
01/01/2011,184,52,Briggate,19,Saturday,01-Jan-11,1,2011,1,Saturday/01-Jan-2011,Jan-11,00-2011,"00, 01-Jan-2011",1
01/01/2011,180,52,Briggate,20,Saturday,01-Jan-11,1,2011,1,Saturday/01-Jan-2011,Jan-11,00-2011,"00, 01-Jan-2011",1
01/01/2011,160,52,Briggate,21,Saturday,01-Jan-11,1,2011,1,Saturday/01-Jan-2011,Jan-11,00-2011,"00, 01-Jan-2011",1
01/01/2011,148,52,Briggate,22,Saturday,01-Jan-11,1,2011,1,Saturday/01-Jan-2011,Jan-11,00-2011,"00, 01-Jan-2011",1
01/01/2011,151,52,Briggate,23,Saturday,01-Jan-11,1,2011,1,Saturday/01-Jan-2011,Jan-11,00-2011,"00, 01-Jan-2011",1
01/01/2011,27,52,BriggateAtMcDs,0,Saturday,01-Jan-11,1,2011,1,Saturday/01-Jan-2011,Jan-11,00-2011,"00, 01-Jan-2011",1
01/01/2011,15,52,BriggateAtMcDs,1,Saturday,01-Jan-11,1,2011,1,Saturday/01-Jan-2011,Jan-11,00-2011,"00, 01-Jan-2011",1
01/01/2011,22,52,BriggateAtMcDs,2,Saturday,01-Jan-11,1,2011,1,Saturday/01-Jan-2011,Jan-11,00-2011,"00, 01-Jan-2011",1
01/01/2011,74,52,BriggateAtMcDs,3,Saturday,01-Jan-11,1,2011,1,Saturday/01-Jan-2011,Jan-11,00-2011,"00, 01-Jan-2011",1
01/01/2011,19,52,BriggateAtMcDs,4,Saturday,01-Jan-11,1,2011,1,Saturday/01-Jan-2011,Jan-11,00-2011,"00, 01-Jan-2011",1
01/01/2011,2,52,BriggateAtMcDs,5,Saturday,01-Jan-11,1,2011,1,Saturday/01-Jan-2011,Jan-11,00-2011,"00, 01-Jan-2011",1
01/01/2011,4,52,BriggateAtMcDs,6,Saturday,01-Jan-11,1,2011,1,Saturday/01-Jan-2011,Jan-11,00-2011,"00, 01-Jan-2011",1
01/01/2011,11,52,BriggateAtMcDs,7,Saturday,01-Jan-11,1,2011,1,Saturday/01-Jan-2011,Jan-11,00-2011,"00, 01-Jan-2011",1
01/01/2011,123,52,BriggateAtMcDs,8,Saturday,01-Jan-11,1,2011,1,Saturday/01-Jan-2011,Jan-11,00-2011,"00, 01-Jan-2011",1
01/01/2011,358,52,BriggateAtMcDs,9,Saturday,01-Jan-11,1,2011,1,Saturday/01-Jan-2011,Jan-11,00-2011,"00, 01-Jan-2011",1
01/01/2011,666,52,BriggateAtMcDs,10,Saturday,01-Jan-11,1,2011,1,Saturday/01-Jan-2011,Jan-11,00-2011,"00, 01-Jan-2011",1
01/01/2011,816,52,BriggateAtMcDs,11,Saturday,01-Jan-11,1,2011,1,Saturday/01-Jan-2011,Jan-11,00-2011,"00, 01-Jan-2011",1
01/01/2011,680,52,BriggateAtMcDs,12,Saturday,01-Jan-11,1,2011,1,Saturday/01-Jan-2011,Jan-11,00-2011,"00, 01-Jan-2011",1
01/01/2011,968,52,BriggateAtMcDs,13,Saturday,01-Jan-11,1,2011,1,Saturday/01-Jan-2011,Jan-11,00-2011,"00, 01-Jan-2011",1
01/01/2011,926,52,BriggateAtMcDs,14,Saturday,01-Jan-11,1,2011,1,Saturday/01-Jan-2011,Jan-11,00-2011,"00, 01-Jan-2011",1
01/01/2011,953,52,BriggateAtMcDs,15,Saturday,01-Jan-11,1,2011,1,Saturday/01-Jan-2011,Jan-11,00-2011,"00, 01-Jan-2011",1
01/01/2011,630,52,BriggateAtMcDs,16,Saturday,01-Jan-11,1,2011,1,Saturday/01-Jan-2011,Jan-11,00-2011,"00, 01-Jan-2011",1
01/01/2011,382,52,BriggateAtMcDs,17,Saturday,01-Jan-11,1,2011,1,Saturday/01-Jan-2011,Jan-11,00-2011,"00, 01-Jan-2011",1
01/01/2011,171,52,BriggateAtMcDs,18,Saturday,01-Jan-11,1,2011,1,Saturday/01-Jan-2011,Jan-11,00-2011,"00, 01-Jan-2011",1
01/01/2011,74,52,BriggateAtMcDs,19,Saturday,01-Jan-11,1,2011,1,Saturday/01-Jan-2011,Jan-11,00-2011,"00, 01-Jan-2011",1
01/01/2011,44,52,BriggateAtMcDs,20,Saturday,01-Jan-11,1,2011,1,Saturday/01-Jan-2011,Jan-11,00-2011,"00, 01-Jan-2011",1
01/01/2011,53,52,BriggateAtMcDs,21,Saturday,01-Jan-11,1,2011,1,Saturday/01-Jan-2011,Jan-11,00-2011,"00, 01-Jan-2011",1
01/01/2011,41,52,BriggateAtMcDs,22,Saturday,01-Jan-11,1,2011,1,Saturday/01-Jan-2011,Jan-11,00-2011,"00, 01-Jan-2011",1
01/01/2011,43,52,BriggateAtMcDs,23,Saturday,01-Jan-11,1,2011,1,Saturday/01-Jan-2011,Jan-11,00-2011,"00, 01-Jan-2011",1
01/01/2011,173,52,AlbionStNorth,0,Saturday,01-Jan-11,1,2011,1,Saturday/01-Jan-2011,Jan-11,00-2011,"00, 01-Jan-2011",1
01/01/2011,154,52,AlbionStNorth,1,Saturday,01-Jan-11,1,2011,1,Saturday/01-Jan-2011,Jan-11,00-2011,"00, 01-Jan-2011",1
01/01/2011,158,52,AlbionStNorth,2,Saturday,01-Jan-11,1,2011,1,Saturday/01-Jan-2011,Jan-11,00-2011,"00, 01-Jan-2011",1
01/01/2011,92,52,AlbionStNorth,3,Saturday,01-Jan-11,1,2011,1,Saturday/01-Jan-2011,Jan-11,00-2011,"00, 01-Jan-2011",1
01/01/2011,72,52,AlbionStNorth,4,Saturday,01-Jan-11,1,2011,1,Saturday/01-Jan-2011,Jan-11,00-2011,"00, 01-Jan-2011",1
01/01/2011,17,52,AlbionStNorth,5,Saturday,01-Jan-11,1,2011,1,Saturday/01-Jan-2011,Jan-11,00-2011,"00, 01-Jan-2011",1
01/01/2011,20,52,AlbionStNorth,6,Saturday,01-Jan-11,1,2011,1,Saturday/01-Jan-2011,Jan-11,00-2011,"00, 01-Jan-2011",1
01/01/2011,8,52,AlbionStNorth,7,Saturday,01-Jan-11,1,2011,1,Saturday/01-Jan-2011,Jan-11,00-2011,"00, 01-Jan-2011",1
01/01/2011,24,52,AlbionStNorth,8,Saturday,01-Jan-11,1,2011,1,Saturday/01-Jan-2011,Jan-11,00-2011,"00, 01-Jan-2011",1
01/01/2011,131,52,AlbionStNorth,9,Saturday,01-Jan-11,1,2011,1,Saturday/01-Jan-2011,Jan-11,00-2011,"00, 01-Jan-2011",1
01/01/2011,214,52,AlbionStNorth,10,Saturday,01-Jan-11,1,2011,1,Saturday/01-Jan-2011,Jan-11,00-2011,"00, 01-Jan-2011",1
01/01/2011,395,52,AlbionStNorth,11,Saturday,01-Jan-11,1,2011,1,Saturday/01-Jan-2011,Jan-11,00-2011,"00, 01-Jan-2011",1
01/01/2011,567,52,AlbionStNorth,12,Saturday,01-Jan-11,1,2011,1,Saturday/01-Jan-2011,Jan-11,00-2011,"00, 01-Jan-2011",1
01/01/2011,664,52,AlbionStNorth,13,Saturday,01-Jan-11,1,2011,1,Saturday/01-Jan-2011,Jan-11,00-2011,"00, 01-Jan-2011",1
01/01/2011,711,52,AlbionStNorth,14,Saturday,01-Jan-11,1,2011,1,Saturday/01-Jan-2011,Jan-11,00-2011,"00, 01-Jan-2011",1
01/01/2011,797,52,AlbionStNorth,15,Saturday,01-Jan-11,1,2011,1,Saturday/01-Jan-2011,Jan-11,00-2011,"00, 01-Jan-2011",1
01/01/2011,564,52,AlbionStNorth,16,Saturday,01-Jan-11,1,2011,1,Saturday/01-Jan-2011,Jan-11,00-2011,"00, 01-Jan-2011",1
01/01/2011,217,52,AlbionStNorth,17,Saturday,01-Jan-11,1,2011,1,Saturday/01-Jan-2011,Jan-11,00-2011,"00, 01-Jan-2011",1
01/01/2011,94,52,AlbionStNorth,18,Saturday,01-Jan-11,1,2011,1,Saturday/01-Jan-2011,Jan-11,00-2011,"00, 01-Jan-2011",1
01/01/2011,59,52,AlbionStNorth,19,Saturday,01-Jan-11,1,2011,1,Saturday/01-Jan-2011,Jan-11,00-2011,"00, 01-Jan-2011",1
01/01/2011,24,52,AlbionStNorth,20,Saturday,01-Jan-11,1,2011,1,Saturday/01-Jan-2011,Jan-11,00-2011,"00, 01-Jan-2011",1
01/01/2011,30,52,AlbionStNorth,21,Saturday,01-Jan-11,1,2011,1,Saturday/01-Jan-2011,Jan-11,00-2011,"00, 01-Jan-2011",1
01/01/2011,18,52,AlbionStNorth,22,Saturday,01-Jan-11,1,2011,1,Saturday/01-Jan-2011,Jan-11,00-2011,"00, 01-Jan-2011",1
01/01/2011,28,52,AlbionStNorth,23,Saturday,01-Jan-11,1,2011,1,Saturday/01-Jan-2011,Jan-11,00-2011,"00, 01-Jan-2011",1
01/01/2011,228,52,AlbionStSouth,0,Saturday,01-Jan-11,1,2011,1,Saturday/01-Jan-2011,Jan-11,00-2011,"00, 01-Jan-2011",1
01/01/2011,183,52,AlbionStSouth,1,Saturday,01-Jan-11,1,2011,1,Saturday/01-Jan-2011,Jan-11,00-2011,"00, 01-Jan-2011",1
01/01/2011,180,52,AlbionStSouth,2,Saturday,01-Jan-11,1,2011,1,Saturday/01-Jan-2011,Jan-11,00-2011,"00, 01-Jan-2011",1
01/01/2011,138,52,AlbionStSouth,3,Saturday,01-Jan-11,1,2011,1,Saturday/01-Jan-2011,Jan-11,00-2011,"00, 01-Jan-2011",1
01/01/2011,92,52,AlbionStSouth,4,Saturday,01-Jan-11,1,2011,1,Saturday/01-Jan-2011,Jan-11,00-2011,"00, 01-Jan-2011",1
01/01/2011,33,52,AlbionStSouth,5,Saturday,01-Jan-11,1,2011,1,Saturday/01-Jan-2011,Jan-11,00-2011,"00, 01-Jan-2011",1
01/01/2011,33,52,AlbionStSouth,6,Saturday,01-Jan-11,1,2011,1,Saturday/01-Jan-2011,Jan-11,00-2011,"00, 01-Jan-2011",1
01/01/2011,23,52,AlbionStSouth,7,Saturday,01-Jan-11,1,2011,1,Saturday/01-Jan-2011,Jan-11,00-2011,"00, 01-Jan-2011",1
01/01/2011,37,52,AlbionStSouth,8,Saturday,01-Jan-11,1,2011,1,Saturday/01-Jan-2011,Jan-11,00-2011,"00, 01-Jan-2011",1
01/01/2011,137,52,AlbionStSouth,9,Saturday,01-Jan-11,1,2011,1,Saturday/01-Jan-2011,Jan-11,00-2011,"00, 01-Jan-2011",1
01/01/2011,254,52,AlbionStSouth,10,Saturday,01-Jan-11,1,2011,1,Saturday/01-Jan-2011,Jan-11,00-2011,"00, 01-Jan-2011",1
01/01/2011,479,52,AlbionStSouth,11,Saturday,01-Jan-11,1,2011,1,Saturday/01-Jan-2011,Jan-11,00-2011,"00, 01-Jan-2011",1
01/01/2011,614,52,AlbionStSouth,12,Saturday,01-Jan-11,1,2011,1,Saturday/01-Jan-2011,Jan-11,00-2011,"00, 01-Jan-2011",1
01/01/2011,687,52,AlbionStSouth,13,Saturday,01-Jan-11,1,2011,1,Saturday/01-Jan-2011,Jan-11,00-2011,"00, 01-Jan-2011",1
01/01/2011,705,52,AlbionStSouth,14,Saturday,01-Jan-11,1,2011,1,Saturday/01-Jan-2011,Jan-11,00-2011,"00, 01-Jan-2011",1
01/01/2011,749,52,AlbionStSouth,15,Saturday,01-Jan-11,1,2011,1,Saturday/01-Jan-2011,Jan-11,00-2011,"00, 01-Jan-2011",1
01/01/2011,501,52,AlbionStSouth,16,Saturday,01-Jan-11,1,2011,1,Saturday/01-Jan-2011,Jan-11,00-2011,"00, 01-Jan-2011",1
01/01/2011,208,52,AlbionStSouth,17,Saturday,01-Jan-11,1,2011,1,Saturday/01-Jan-2011,Jan-11,00-2011,"00, 01-Jan-2011",1
01/01/2011,125,52,AlbionStSouth,18,Saturday,01-Jan-11,1,2011,1,Saturday/01-Jan-2011,Jan-11,00-2011,"00, 01-Jan-2011",1
01/01/2011,103,52,AlbionStSouth,19,Saturday,01-Jan-11,1,2011,1,Saturday/01-Jan-2011,Jan-11,00-2011,"00, 01-Jan-2011",1
01/01/2011,63,52,AlbionStSouth,20,Saturday,01-Jan-11,1,2011,1,Saturday/01-Jan-2011,Jan-11,00-2011,"00, 01-Jan-2011",1
01/01/2011,63,52,AlbionStSouth,21,Saturday,01-Jan-11,1,2011,1,Saturday/01-Jan-2011,Jan-11,00-2011,"00, 01-Jan-2011",1
01/01/2011,36,52,AlbionStSouth,22,Saturday,01-Jan-11,1,2011,1,Saturday/01-Jan-2011,Jan-11,00-2011,"00, 01-Jan-2011",1
01/01/2011,43,52,AlbionStSouth,23,Saturday,01-Jan-11,1,2011,1,Saturday/01-Jan-2011,Jan-11,00-2011,"00, 01-Jan-2011",1
01/01/2011,77,52,CommercialStBarratts,0,Saturday,01-Jan-11,1,2011,1,Saturday/01-Jan-2011,Jan-11,00-2011,"00, 01-Jan-2011",1
01/01/2011,75,52,CommercialStBarratts,1,Saturday,01-Jan-11,1,2011,1,Saturday/01-Jan-2011,Jan-11,00-2011,"00, 01-Jan-2011",1
01/01/2011,51,52,CommercialStBarratts,2,Saturday,01-Jan-11,1,2011,1,Saturday/01-Jan-2011,Jan-11,00-2011,"00, 01-Jan-2011",1
01/01/2011,42,52,CommercialStBarratts,3,Saturday,01-Jan-11,1,2011,1,Saturday/01-Jan-2011,Jan-11,00-2011,"00, 01-Jan-2011",1
01/01/2011,50,52,CommercialStBarratts,4,Saturday,01-Jan-11,1,2011,1,Saturday/01-Jan-2011,Jan-11,00-2011,"00, 01-Jan-2011",1
01/01/2011,23,52,CommercialStBarratts,5,Saturday,01-Jan-11,1,2011,1,Saturday/01-Jan-2011,Jan-11,00-2011,"00, 01-Jan-2011",1
01/01/2011,14,52,CommercialStBarratts,6,Saturday,01-Jan-11,1,2011,1,Saturday/01-Jan-2011,Jan-11,00-2011,"00, 01-Jan-2011",1
01/01/2011,7,52,CommercialStBarratts,7,Saturday,01-Jan-11,1,2011,1,Saturday/01-Jan-2011,Jan-11,00-2011,"00, 01-Jan-2011",1
01/01/2011,33,52,CommercialStBarratts,8,Saturday,01-Jan-11,1,2011,1,Saturday/01-Jan-2011,Jan-11,00-2011,"00, 01-Jan-2011",1
01/01/2011,72,52,CommercialStBarratts,9,Saturday,01-Jan-11,1,2011,1,Saturday/01-Jan-2011,Jan-11,00-2011,"00, 01-Jan-2011",1
01/01/2011,208,52,CommercialStBarratts,10,Saturday,01-Jan-11,1,2011,1,Saturday/01-Jan-2011,Jan-11,00-2011,"00, 01-Jan-2011",1
01/01/2011,360,52,CommercialStBarratts,11,Saturday,01-Jan-11,1,2011,1,Saturday/01-Jan-2011,Jan-11,00-2011,"00, 01-Jan-2011",1
01/01/2011,560,52,CommercialStBarratts,12,Saturday,01-Jan-11,1,2011,1,Saturday/01-Jan-2011,Jan-11,00-2011,"00, 01-Jan-2011",1
01/01/2011,614,52,CommercialStBarratts,13,Saturday,01-Jan-11,1,2011,1,Saturday/01-Jan-2011,Jan-11,00-2011,"00, 01-Jan-2011",1
01/01/2011,751,52,CommercialStBarratts,14,Saturday,01-Jan-11,1,2011,1,Saturday/01-Jan-2011,Jan-11,00-2011,"00, 01-Jan-2011",1
01/01/2011,773,52,CommercialStBarratts,15,Saturday,01-Jan-11,1,2011,1,Saturday/01-Jan-2011,Jan-11,00-2011,"00, 01-Jan-2011",1
01/01/2011,372,52,CommercialStBarratts,16,Saturday,01-Jan-11,1,2011,1,Saturday/01-Jan-2011,Jan-11,00-2011,"00, 01-Jan-2011",1
01/01/2011,146,52,CommercialStBarratts,17,Saturday,01-Jan-11,1,2011,1,Saturday/01-Jan-2011,Jan-11,00-2011,"00, 01-Jan-2011",1
01/01/2011,110,52,CommercialStBarratts,18,Saturday,01-Jan-11,1,2011,1,Saturday/01-Jan-2011,Jan-11,00-2011,"00, 01-Jan-2011",1
01/01/2011,104,52,CommercialStBarratts,19,Saturday,01-Jan-11,1,2011,1,Saturday/01-Jan-2011,Jan-11,00-2011,"00, 01-Jan-2011",1
01/01/2011,129,52,CommercialStBarratts,20,Saturday,01-Jan-11,1,2011,1,Saturday/01-Jan-2011,Jan-11,00-2011,"00, 01-Jan-2011",1
01/01/2011,115,52,CommercialStBarratts,21,Saturday,01-Jan-11,1,2011,1,Saturday/01-Jan-2011,Jan-11,00-2011,"00, 01-Jan-2011",1
01/01/2011,116,52,CommercialStBarratts,22,Saturday,01-Jan-11,1,2011,1,Saturday/01-Jan-2011,Jan-11,00-2011,"00, 01-Jan-2011",1
01/01/2011,103,52,CommercialStBarratts,23,Saturday,01-Jan-11,1,2011,1,Saturday/01-Jan-2011,Jan-11,00-2011,"00, 01-Jan-2011",1
01/01/2011,18,52,CommercialStLush,0,Saturday,01-Jan-11,1,2011,1,Saturday/01-Jan-2011,Jan-11,00-2011,"00, 01-Jan-2011",1
01/01/2011,37,52,CommercialStLush,1,Saturday,01-Jan-11,1,2011,1,Saturday/01-Jan-2011,Jan-11,00-2011,"00, 01-Jan-2011",1
01/01/2011,34,52,CommercialStLush,2,Saturday,01-Jan-11,1,2011,1,Saturday/01-Jan-2011,Jan-11,00-2011,"00, 01-Jan-2011",1
01/01/2011,27,52,CommercialStLush,3,Saturday,01-Jan-11,1,2011,1,Saturday/01-Jan-2011,Jan-11,00-2011,"00, 01-Jan-2011",1
01/01/2011,46,52,CommercialStLush,4,Saturday,01-Jan-11,1,2011,1,Saturday/01-Jan-2011,Jan-11,00-2011,"00, 01-Jan-2011",1
01/01/2011,21,52,CommercialStLush,5,Saturday,01-Jan-11,1,2011,1,Saturday/01-Jan-2011,Jan-11,00-2011,"00, 01-Jan-2011",1
01/01/2011,24,52,CommercialStLush,6,Saturday,01-Jan-11,1,2011,1,Saturday/01-Jan-2011,Jan-11,00-2011,"00, 01-Jan-2011",1
01/01/2011,9,52,CommercialStLush,7,Saturday,01-Jan-11,1,2011,1,Saturday/01-Jan-2011,Jan-11,00-2011,"00, 01-Jan-2011",1
01/01/2011,42,52,CommercialStLush,8,Saturday,01-Jan-11,1,2011,1,Saturday/01-Jan-2011,Jan-11,00-2011,"00, 01-Jan-2011",1
01/01/2011,99,52,CommercialStLush,9,Saturday,01-Jan-11,1,2011,1,Saturday/01-Jan-2011,Jan-11,00-2011,"00, 01-Jan-2011",1
01/01/2011,283,52,CommercialStLush,10,Saturday,01-Jan-11,1,2011,1,Saturday/01-Jan-2011,Jan-11,00-2011,"00, 01-Jan-2011",1
01/01/2011,567,52,CommercialStLush,11,Saturday,01-Jan-11,1,2011,1,Saturday/01-Jan-2011,Jan-11,00-2011,"00, 01-Jan-2011",1
01/01/2011,777,52,CommercialStLush,12,Saturday,01-Jan-11,1,2011,1,Saturday/01-Jan-2011,Jan-11,00-2011,"00, 01-Jan-2011",1
01/01/2011,862,52,CommercialStLush,13,Saturday,01-Jan-11,1,2011,1,Saturday/01-Jan-2011,Jan-11,00-2011,"00, 01-Jan-2011",1
01/01/2011,1021,52,CommercialStLush,14,Saturday,01-Jan-11,1,2011,1,Saturday/01-Jan-2011,Jan-11,00-2011,"00, 01-Jan-2011",1
01/01/2011,1139,52,CommercialStLush,15,Saturday,01-Jan-11,1,2011,1,Saturday/01-Jan-2011,Jan-11,00-2011,"00, 01-Jan-2011",1
01/01/2011,423,52,CommercialStLush,16,Saturday,01-Jan-11,1,2011,1,Saturday/01-Jan-2011,Jan-11,00-2011,"00, 01-Jan-2011",1
01/01/2011,120,52,CommercialStLush,17,Saturday,01-Jan-11,1,2011,1,Saturday/01-Jan-2011,Jan-11,00-2011,"00, 01-Jan-2011",1
01/01/2011,40,52,CommercialStLush,18,Saturday,01-Jan-11,1,2011,1,Saturday/01-Jan-2011,Jan-11,00-2011,"00, 01-Jan-2011",1
01/01/2011,43,52,CommercialStLush,19,Saturday,01-Jan-11,1,2011,1,Saturday/01-Jan-2011,Jan-11,00-2011,"00, 01-Jan-2011",1
01/01/2011,33,52,CommercialStLush,20,Saturday,01-Jan-11,1,2011,1,Saturday/01-Jan-2011,Jan-11,00-2011,"00, 01-Jan-2011",1
01/01/2011,25,52,CommercialStLush,21,Saturday,01-Jan-11,1,2011,1,Saturday/01-Jan-2011,Jan-11,00-2011,"00, 01-Jan-2011",1
01/01/2011,14,52,CommercialStLush,22,Saturday,01-Jan-11,1,2011,1,Saturday/01-Jan-2011,Jan-11,00-2011,"00, 01-Jan-2011",1
01/01/2011,21,52,CommercialStLush,23,Saturday,01-Jan-11,1,2011,1,Saturday/01-Jan-2011,Jan-11,00-2011,"00, 01-Jan-2011",1
01/01/2011,159,52,Headrow,0,Saturday,01-Jan-11,1,2011,1,Saturday/01-Jan-2011,Jan-11,00-2011,"00, 01-Jan-2011",1
01/01/2011,144,52,Headrow,1,Saturday,01-Jan-11,1,2011,1,Saturday/01-Jan-2011,Jan-11,00-2011,"00, 01-Jan-2011",1
01/01/2011,116,52,Headrow,2,Saturday,01-Jan-11,1,2011,1,Saturday/01-Jan-2011,Jan-11,00-2011,"00, 01-Jan-2011",1
01/01/2011,97,52,Headrow,3,Saturday,01-Jan-11,1,2011,1,Saturday/01-Jan-2011,Jan-11,00-2011,"00, 01-Jan-2011",1
01/01/2011,61,52,Headrow,4,Saturday,01-Jan-11,1,2011,1,Saturday/01-Jan-2011,Jan-11,00-2011,"00, 01-Jan-2011",1
01/01/2011,31,52,Headrow,5,Saturday,01-Jan-11,1,2011,1,Saturday/01-Jan-2011,Jan-11,00-2011,"00, 01-Jan-2011",1
01/01/2011,18,52,Headrow,6,Saturday,01-Jan-11,1,2011,1,Saturday/01-Jan-2011,Jan-11,00-2011,"00, 01-Jan-2011",1
01/01/2011,10,52,Headrow,7,Saturday,01-Jan-11,1,2011,1,Saturday/01-Jan-2011,Jan-11,00-2011,"00, 01-Jan-2011",1
01/01/2011,28,52,Headrow,8,Saturday,01-Jan-11,1,2011,1,Saturday/01-Jan-2011,Jan-11,00-2011,"00, 01-Jan-2011",1
01/01/2011,56,52,Headrow,9,Saturday,01-Jan-11,1,2011,1,Saturday/01-Jan-2011,Jan-11,00-2011,"00, 01-Jan-2011",1
01/01/2011,100,52,Headrow,10,Saturday,01-Jan-11,1,2011,1,Saturday/01-Jan-2011,Jan-11,00-2011,"00, 01-Jan-2011",1
01/01/2011,169,52,Headrow,11,Saturday,01-Jan-11,1,2011,1,Saturday/01-Jan-2011,Jan-11,00-2011,"00, 01-Jan-2011",1
01/01/2011,297,52,Headrow,12,Saturday,01-Jan-11,1,2011,1,Saturday/01-Jan-2011,Jan-11,00-2011,"00, 01-Jan-2011",1
01/01/2011,392,52,Headrow,13,Saturday,01-Jan-11,1,2011,1,Saturday/01-Jan-2011,Jan-11,00-2011,"00, 01-Jan-2011",1
01/01/2011,523,52,Headrow,14,Saturday,01-Jan-11,1,2011,1,Saturday/01-Jan-2011,Jan-11,00-2011,"00, 01-Jan-2011",1
01/01/2011,480,52,Headrow,15,Saturday,01-Jan-11,1,2011,1,Saturday/01-Jan-2011,Jan-11,00-2011,"00, 01-Jan-2011",1
01/01/2011,363,52,Headrow,16,Saturday,01-Jan-11,1,2011,1,Saturday/01-Jan-2011,Jan-11,00-2011,"00, 01-Jan-2011",1
01/01/2011,174,52,Headrow,17,Saturday,01-Jan-11,1,2011,1,Saturday/01-Jan-2011,Jan-11,00-2011,"00, 01-Jan-2011",1
01/01/2011,78,52,Headrow,18,Saturday,01-Jan-11,1,2011,1,Saturday/01-Jan-2011,Jan-11,00-2011,"00, 01-Jan-2011",1
01/01/2011,67,52,Headrow,19,Saturday,01-Jan-11,1,2011,1,Saturday/01-Jan-2011,Jan-11,00-2011,"00, 01-Jan-2011",1
01/01/2011,70,52,Headrow,20,Saturday,01-Jan-11,1,2011,1,Saturday/01-Jan-2011,Jan-11,00-2011,"00, 01-Jan-2011",1
01/01/2011,60,52,Headrow,21,Saturday,01-Jan-11,1,2011,1,Saturday/01-Jan-2011,Jan-11,00-2011,"00, 01-Jan-2011",1
01/01/2011,50,52,Headrow,22,Saturday,01-Jan-11,1,2011,1,Saturday/01-Jan-2011,Jan-11,00-2011,"00, 01-Jan-2011",1
01/01/2011,28,52,Headrow,23,Saturday,01-Jan-11,1,2011,1,Saturday/01-Jan-2011,Jan-11,00-2011,"00, 01-Jan-2011",1
01/01/2011,547,52,DortmundSq,0,Saturday,01-Jan-11,1,2011,1,Saturday/01-Jan-2011,Jan-11,00-2011,"00, 01-Jan-2011",1
01/01/2011,270,52,DortmundSq,1,Saturday,01-Jan-11,1,2011,1,Saturday/01-Jan-2011,Jan-11,00-2011,"00, 01-Jan-2011",1
01/01/2011,284,52,DortmundSq,2,Saturday,01-Jan-11,1,2011,1,Saturday/01-Jan-2011,Jan-11,00-2011,"00, 01-Jan-2011",1
01/01/2011,209,52,DortmundSq,3,Saturday,01-Jan-11,1,2011,1,Saturday/01-Jan-2011,Jan-11,00-2011,"00, 01-Jan-2011",1
01/01/2011,151,52,DortmundSq,4,Saturday,01-Jan-11,1,2011,1,Saturday/01-Jan-2011,Jan-11,00-2011,"00, 01-Jan-2011",1
01/01/2011,76,52,DortmundSq,5,Saturday,01-Jan-11,1,2011,1,Saturday/01-Jan-2011,Jan-11,00-2011,"00, 01-Jan-2011",1
01/01/2011,37,52,DortmundSq,6,Saturday,01-Jan-11,1,2011,1,Saturday/01-Jan-2011,Jan-11,00-2011,"00, 01-Jan-2011",1
01/01/2011,107,52,DortmundSq,7,Saturday,01-Jan-11,1,2011,1,Saturday/01-Jan-2011,Jan-11,00-2011,"00, 01-Jan-2011",1
01/01/2011,23,52,DortmundSq,8,Saturday,01-Jan-11,1,2011,1,Saturday/01-Jan-2011,Jan-11,00-2011,"00, 01-Jan-2011",1
01/01/2011,71,52,DortmundSq,9,Saturday,01-Jan-11,1,2011,1,Saturday/01-Jan-2011,Jan-11,00-2011,"00, 01-Jan-2011",1
01/01/2011,179,52,DortmundSq,10,Saturday,01-Jan-11,1,2011,1,Saturday/01-Jan-2011,Jan-11,00-2011,"00, 01-Jan-2011",1
01/01/2011,275,52,DortmundSq,11,Saturday,01-Jan-11,1,2011,1,Saturday/01-Jan-2011,Jan-11,00-2011,"00, 01-Jan-2011",1
01/01/2011,406,52,DortmundSq,12,Saturday,01-Jan-11,1,2011,1,Saturday/01-Jan-2011,Jan-11,00-2011,"00, 01-Jan-2011",1
01/01/2011,548,52,DortmundSq,13,Saturday,01-Jan-11,1,2011,1,Saturday/01-Jan-2011,Jan-11,00-2011,"00, 01-Jan-2011",1
01/01/2011,682,52,DortmundSq,14,Saturday,01-Jan-11,1,2011,1,Saturday/01-Jan-2011,Jan-11,00-2011,"00, 01-Jan-2011",1
01/01/2011,715,52,DortmundSq,15,Saturday,01-Jan-11,1,2011,1,Saturday/01-Jan-2011,Jan-11,00-2011,"00, 01-Jan-2011",1
01/01/2011,599,52,DortmundSq,16,Saturday,01-Jan-11,1,2011,1,Saturday/01-Jan-2011,Jan-11,00-2011,"00, 01-Jan-2011",1
01/01/2011,396,52,DortmundSq,17,Saturday,01-Jan-11,1,2011,1,Saturday/01-Jan-2011,Jan-11,00-2011,"00, 01-Jan-2011",1
01/01/2011,139,52,DortmundSq,18,Saturday,01-Jan-11,1,2011,1,Saturday/01-Jan-2011,Jan-11,00-2011,"00, 01-Jan-2011",1
01/01/2011,110,52,DortmundSq,19,Saturday,01-Jan-11,1,2011,1,Saturday/01-Jan-2011,Jan-11,00-2011,"00, 01-Jan-2011",1
01/01/2011,75,52,DortmundSq,20,Saturday,01-Jan-11,1,2011,1,Saturday/01-Jan-2011,Jan-11,00-2011,"00, 01-Jan-2011",1
01/01/2011,58,52,DortmundSq,21,Saturday,01-Jan-11,1,2011,1,Saturday/01-Jan-2011,Jan-11,00-2011,"00, 01-Jan-2011",1
01/01/2011,35,52,DortmundSq,22,Saturday,01-Jan-11,1,2011,1,Saturday/01-Jan-2011,Jan-11,00-2011,"00, 01-Jan-2011",1
01/01/2011,60,52,DortmundSq,23,Saturday,01-Jan-11,1,2011,1,Saturday/01-Jan-2011,Jan-11,00-2011,"00, 01-Jan-2011",1
02/01/2011,140,52,Briggate,0,Sunday,02-Jan-11,1,2011,2,Sunday/02-Jan-2011,Jan-11,00-2011,"00, 02-Jan-2011",1
02/01/2011,76,52,Briggate,1,Sunday,02-Jan-11,1,2011,2,Sunday/02-Jan-2011,Jan-11,00-2011,"00, 02-Jan-2011",1
02/01/2011,79,52,Briggate,2,Sunday,02-Jan-11,1,2011,2,Sunday/02-Jan-2011,Jan-11,00-2011,"00, 02-Jan-2011",1
02/01/2011,58,52,Briggate,3,Sunday,02-Jan-11,1,2011,2,Sunday/02-Jan-2011,Jan-11,00-2011,"00, 02-Jan-2011",1
02/01/2011,59,52,Briggate,4,Sunday,02-Jan-11,1,2011,2,Sunday/02-Jan-2011,Jan-11,00-2011,"00, 02-Jan-2011",1
02/01/2011,73,52,Briggate,5,Sunday,02-Jan-11,1,2011,2,Sunday/02-Jan-2011,Jan-11,00-2011,"00, 02-Jan-2011",1
02/01/2011,74,52,Briggate,6,Sunday,02-Jan-11,1,2011,2,Sunday/02-Jan-2011,Jan-11,00-2011,"00, 02-Jan-2011",1
02/01/2011,53,52,Briggate,7,Sunday,02-Jan-11,1,2011,2,Sunday/02-Jan-2011,Jan-11,00-2011,"00, 02-Jan-2011",1
02/01/2011,51,52,Briggate,8,Sunday,02-Jan-11,1,2011,2,Sunday/02-Jan-2011,Jan-11,00-2011,"00, 02-Jan-2011",1
02/01/2011,125,52,Briggate,9,Sunday,02-Jan-11,1,2011,2,Sunday/02-Jan-2011,Jan-11,00-2011,"00, 02-Jan-2011",1
02/01/2011,662,52,Briggate,10,Sunday,02-Jan-11,1,2011,2,Sunday/02-Jan-2011,Jan-11,00-2011,"00, 02-Jan-2011",1
02/01/2011,1198,52,Briggate,11,Sunday,02-Jan-11,1,2011,2,Sunday/02-Jan-2011,Jan-11,00-2011,"00, 02-Jan-2011",1
02/01/2011,2241,52,Briggate,12,Sunday,02-Jan-11,1,2011,2,Sunday/02-Jan-2011,Jan-11,00-2011,"00, 02-Jan-2011",1
02/01/2011,3156,52,Briggate,13,Sunday,02-Jan-11,1,2011,2,Sunday/02-Jan-2011,Jan-11,00-2011,"00, 02-Jan-2011",1
02/01/2011,3629,52,Briggate,14,Sunday,02-Jan-11,1,2011,2,Sunday/02-Jan-2011,Jan-11,00-2011,"00, 02-Jan-2011",1
02/01/2011,3118,52,Briggate,15,Sunday,02-Jan-11,1,2011,2,Sunday/02-Jan-2011,Jan-11,00-2011,"00, 02-Jan-2011",1
02/01/2011,1979,52,Briggate,16,Sunday,02-Jan-11,1,2011,2,Sunday/02-Jan-2011,Jan-11,00-2011,"00, 02-Jan-2011",1
02/01/2011,871,52,Briggate,17,Sunday,02-Jan-11,1,2011,2,Sunday/02-Jan-2011,Jan-11,00-2011,"00, 02-Jan-2011",1
02/01/2011,366,52,Briggate,18,Sunday,02-Jan-11,1,2011,2,Sunday/02-Jan-2011,Jan-11,00-2011,"00, 02-Jan-2011",1
02/01/2011,331,52,Briggate,19,Sunday,02-Jan-11,1,2011,2,Sunday/02-Jan-2011,Jan-11,00-2011,"00, 02-Jan-2011",1
02/01/2011,291,52,Briggate,20,Sunday,02-Jan-11,1,2011,2,Sunday/02-Jan-2011,Jan-11,00-2011,"00, 02-Jan-2011",1
02/01/2011,195,52,Briggate,21,Sunday,02-Jan-11,1,2011,2,Sunday/02-Jan-2011,Jan-11,00-2011,"00, 02-Jan-2011",1
02/01/2011,170,52,Briggate,22,Sunday,02-Jan-11,1,2011,2,Sunday/02-Jan-2011,Jan-11,00-2011,"00, 02-Jan-2011",1
02/01/2011,158,52,Briggate,23,Sunday,02-Jan-11,1,2011,2,Sunday/02-Jan-2011,Jan-11,00-2011,"00, 02-Jan-2011",1
02/01/2011,57,52,BriggateAtMcDs,0,Sunday,02-Jan-11,1,2011,2,Sunday/02-Jan-2011,Jan-11,00-2011,"00, 02-Jan-2011",1
02/01/2011,60,52,BriggateAtMcDs,1,Sunday,02-Jan-11,1,2011,2,Sunday/02-Jan-2011,Jan-11,00-2011,"00, 02-Jan-2011",1
02/01/2011,79,52,BriggateAtMcDs,2,Sunday,02-Jan-11,1,2011,2,Sunday/02-Jan-2011,Jan-11,00-2011,"00, 02-Jan-2011",1
02/01/2011,150,52,BriggateAtMcDs,3,Sunday,02-Jan-11,1,2011,2,Sunday/02-Jan-2011,Jan-11,00-2011,"00, 02-Jan-2011",1
02/01/2011,49,52,BriggateAtMcDs,4,Sunday,02-Jan-11,1,2011,2,Sunday/02-Jan-2011,Jan-11,00-2011,"00, 02-Jan-2011",1
02/01/2011,11,52,BriggateAtMcDs,5,Sunday,02-Jan-11,1,2011,2,Sunday/02-Jan-2011,Jan-11,00-2011,"00, 02-Jan-2011",1
02/01/2011,8,52,BriggateAtMcDs,6,Sunday,02-Jan-11,1,2011,2,Sunday/02-Jan-2011,Jan-11,00-2011,"00, 02-Jan-2011",1
02/01/2011,16,52,BriggateAtMcDs,7,Sunday,02-Jan-11,1,2011,2,Sunday/02-Jan-2011,Jan-11,00-2011,"00, 02-Jan-2011",1
02/01/2011,61,52,BriggateAtMcDs,8,Sunday,02-Jan-11,1,2011,2,Sunday/02-Jan-2011,Jan-11,00-2011,"00, 02-Jan-2011",1
02/01/2011,156,52,BriggateAtMcDs,9,Sunday,02-Jan-11,1,2011,2,Sunday/02-Jan-2011,Jan-11,00-2011,"00, 02-Jan-2011",1
02/01/2011,610,52,BriggateAtMcDs,10,Sunday,02-Jan-11,1,2011,2,Sunday/02-Jan-2011,Jan-11,00-2011,"00, 02-Jan-2011",1
02/01/2011,914,52,BriggateAtMcDs,11,Sunday,02-Jan-11,1,2011,2,Sunday/02-Jan-2011,Jan-11,00-2011,"00, 02-Jan-2011",1
02/01/2011,1201,52,BriggateAtMcDs,12,Sunday,02-Jan-11,1,2011,2,Sunday/02-Jan-2011,Jan-11,00-2011,"00, 02-Jan-2011",1
02/01/2011,1398,52,BriggateAtMcDs,13,Sunday,02-Jan-11,1,2011,2,Sunday/02-Jan-2011,Jan-11,00-2011,"00, 02-Jan-2011",1
02/01/2011,1429,52,BriggateAtMcDs,14,Sunday,02-Jan-11,1,2011,2,Sunday/02-Jan-2011,Jan-11,00-2011,"00, 02-Jan-2011",1
02/01/2011,1315,52,BriggateAtMcDs,15,Sunday,02-Jan-11,1,2011,2,Sunday/02-Jan-2011,Jan-11,00-2011,"00, 02-Jan-2011",1
02/01/2011,516,52,BriggateAtMcDs,16,Sunday,02-Jan-11,1,2011,2,Sunday/02-Jan-2011,Jan-11,00-2011,"00, 02-Jan-2011",1
02/01/2011,173,52,BriggateAtMcDs,17,Sunday,02-Jan-11,1,2011,2,Sunday/02-Jan-2011,Jan-11,00-2011,"00, 02-Jan-2011",1
02/01/2011,78,52,BriggateAtMcDs,18,Sunday,02-Jan-11,1,2011,2,Sunday/02-Jan-2011,Jan-11,00-2011,"00, 02-Jan-2011",1
02/01/2011,29,52,BriggateAtMcDs,19,Sunday,02-Jan-11,1,2011,2,Sunday/02-Jan-2011,Jan-11,00-2011,"00, 02-Jan-2011",1
02/01/2011,24,52,BriggateAtMcDs,20,Sunday,02-Jan-11,1,2011,2,Sunday/02-Jan-2011,Jan-11,00-2011,"00, 02-Jan-2011",1
02/01/2011,18,52,BriggateAtMcDs,21,Sunday,02-Jan-11,1,2011,2,Sunday/02-Jan-2011,Jan-11,00-2011,"00, 02-Jan-2011",1
02/01/2011,14,52,BriggateAtMcDs,22,Sunday,02-Jan-11,1,2011,2,Sunday/02-Jan-2011,Jan-11,00-2011,"00, 02-Jan-2011",1
02/01/2011,10,52,BriggateAtMcDs,23,Sunday,02-Jan-11,1,2011,2,Sunday/02-Jan-2011,Jan-11,00-2011,"00, 02-Jan-2011",1
02/01/2011,25,52,AlbionStNorth,0,Sunday,02-Jan-11,1,2011,2,Sunday/02-Jan-2011,Jan-11,00-2011,"00, 02-Jan-2011",1
02/01/2011,98,52,AlbionStNorth,1,Sunday,02-Jan-11,1,2011,2,Sunday/02-Jan-2011,Jan-11,00-2011,"00, 02-Jan-2011",1
02/01/2011,19,52,AlbionStNorth,2,Sunday,02-Jan-11,1,2011,2,Sunday/02-Jan-2011,Jan-11,00-2011,"00, 02-Jan-2011",1
02/01/2011,34,52,AlbionStNorth,3,Sunday,02-Jan-11,1,2011,2,Sunday/02-Jan-2011,Jan-11,00-2011,"00, 02-Jan-2011",1
02/01/2011,2,52,AlbionStNorth,4,Sunday,02-Jan-11,1,2011,2,Sunday/02-Jan-2011,Jan-11,00-2011,"00, 02-Jan-2011",1
02/01/2011,7,52,AlbionStNorth,5,Sunday,02-Jan-11,1,2011,2,Sunday/02-Jan-2011,Jan-11,00-2011,"00, 02-Jan-2011",1
02/01/2011,2,52,AlbionStNorth,6,Sunday,02-Jan-11,1,2011,2,Sunday/02-Jan-2011,Jan-11,00-2011,"00, 02-Jan-2011",1
02/01/2011,7,52,AlbionStNorth,7,Sunday,02-Jan-11,1,2011,2,Sunday/02-Jan-2011,Jan-11,00-2011,"00, 02-Jan-2011",1
02/01/2011,44,52,AlbionStNorth,8,Sunday,02-Jan-11,1,2011,2,Sunday/02-Jan-2011,Jan-11,00-2011,"00, 02-Jan-2011",1
02/01/2011,94,52,AlbionStNorth,9,Sunday,02-Jan-11,1,2011,2,Sunday/02-Jan-2011,Jan-11,00-2011,"00, 02-Jan-2011",1
02/01/2011,474,52,AlbionStNorth,10,Sunday,02-Jan-11,1,2011,2,Sunday/02-Jan-2011,Jan-11,00-2011,"00, 02-Jan-2011",1
02/01/2011,1237,52,AlbionStNorth,11,Sunday,02-Jan-11,1,2011,2,Sunday/02-Jan-2011,Jan-11,00-2011,"00, 02-Jan-2011",1
02/01/2011,2069,52,AlbionStNorth,12,Sunday,02-Jan-11,1,2011,2,Sunday/02-Jan-2011,Jan-11,00-2011,"00, 02-Jan-2011",1
02/01/2011,2499,52,AlbionStNorth,13,Sunday,02-Jan-11,1,2011,2,Sunday/02-Jan-2011,Jan-11,00-2011,"00, 02-Jan-2011",1
02/01/2011,2810,52,AlbionStNorth,14,Sunday,02-Jan-11,1,2011,2,Sunday/02-Jan-2011,Jan-11,00-2011,"00, 02-Jan-2011",1
02/01/2011,2294,52,AlbionStNorth,15,Sunday,02-Jan-11,1,2011,2,Sunday/02-Jan-2011,Jan-11,00-2011,"00, 02-Jan-2011",1
02/01/2011,1392,52,AlbionStNorth,16,Sunday,02-Jan-11,1,2011,2,Sunday/02-Jan-2011,Jan-11,00-2011,"00, 02-Jan-2011",1
02/01/2011,414,52,AlbionStNorth,17,Sunday,02-Jan-11,1,2011,2,Sunday/02-Jan-2011,Jan-11,00-2011,"00, 02-Jan-2011",1
02/01/2011,114,52,AlbionStNorth,18,Sunday,02-Jan-11,1,2011,2,Sunday/02-Jan-2011,Jan-11,00-2011,"00, 02-Jan-2011",1
02/01/2011,81,52,AlbionStNorth,19,Sunday,02-Jan-11,1,2011,2,Sunday/02-Jan-2011,Jan-11,00-2011,"00, 02-Jan-2011",1
02/01/2011,50,52,AlbionStNorth,20,Sunday,02-Jan-11,1,2011,2,Sunday/02-Jan-2011,Jan-11,00-2011,"00, 02-Jan-2011",1
02/01/2011,35,52,AlbionStNorth,21,Sunday,02-Jan-11,1,2011,2,Sunday/02-Jan-2011,Jan-11,00-2011,"00, 02-Jan-2011",1
02/01/2011,68,52,AlbionStNorth,22,Sunday,02-Jan-11,1,2011,2,Sunday/02-Jan-2011,Jan-11,00-2011,"00, 02-Jan-2011",1
02/01/2011,45,52,AlbionStNorth,23,Sunday,02-Jan-11,1,2011,2,Sunday/02-Jan-2011,Jan-11,00-2011,"00, 02-Jan-2011",1
02/01/2011,23,52,AlbionStSouth,0,Sunday,02-Jan-11,1,2011,2,Sunday/02-Jan-2011,Jan-11,00-2011,"00, 02-Jan-2011",1
02/01/2011,39,52,AlbionStSouth,1,Sunday,02-Jan-11,1,2011,2,Sunday/02-Jan-2011,Jan-11,00-2011,"00, 02-Jan-2011",1
02/01/2011,21,52,AlbionStSouth,2,Sunday,02-Jan-11,1,2011,2,Sunday/02-Jan-2011,Jan-11,00-2011,"00, 02-Jan-2011",1
02/01/2011,35,52,AlbionStSouth,3,Sunday,02-Jan-11,1,2011,2,Sunday/02-Jan-2011,Jan-11,00-2011,"00, 02-Jan-2011",1
02/01/2011,4,52,AlbionStSouth,4,Sunday,02-Jan-11,1,2011,2,Sunday/02-Jan-2011,Jan-11,00-2011,"00, 02-Jan-2011",1
02/01/2011,7,52,AlbionStSouth,5,Sunday,02-Jan-11,1,2011,2,Sunday/02-Jan-2011,Jan-11,00-2011,"00, 02-Jan-2011",1
02/01/2011,4,52,AlbionStSouth,6,Sunday,02-Jan-11,1,2011,2,Sunday/02-Jan-2011,Jan-11,00-2011,"00, 02-Jan-2011",1
02/01/2011,54,52,AlbionStSouth,7,Sunday,02-Jan-11,1,2011,2,Sunday/02-Jan-2011,Jan-11,00-2011,"00, 02-Jan-2011",1
02/01/2011,25,52,AlbionStSouth,8,Sunday,02-Jan-11,1,2011,2,Sunday/02-Jan-2011,Jan-11,00-2011,"00, 02-Jan-2011",1
02/01/2011,105,52,AlbionStSouth,9,Sunday,02-Jan-11,1,2011,2,Sunday/02-Jan-2011,Jan-11,00-2011,"00, 02-Jan-2011",1
02/01/2011,541,52,AlbionStSouth,10,Sunday,02-Jan-11,1,2011,2,Sunday/02-Jan-2011,Jan-11,00-2011,"00, 02-Jan-2011",1
02/01/2011,1387,52,AlbionStSouth,11,Sunday,02-Jan-11,1,2011,2,Sunday/02-Jan-2011,Jan-11,00-2011,"00, 02-Jan-2011",1
02/01/2011,2435,52,AlbionStSouth,12,Sunday,02-Jan-11,1,2011,2,Sunday/02-Jan-2011,Jan-11,00-2011,"00, 02-Jan-2011",1
02/01/2011,2743,52,AlbionStSouth,13,Sunday,02-Jan-11,1,2011,2,Sunday/02-Jan-2011,Jan-11,00-2011,"00, 02-Jan-2011",1
02/01/2011,3326,52,AlbionStSouth,14,Sunday,02-Jan-11,1,2011,2,Sunday/02-Jan-2011,Jan-11,00-2011,"00, 02-Jan-2011",1
02/01/2011,2752,52,AlbionStSouth,15,Sunday,02-Jan-11,1,2011,2,Sunday/02-Jan-2011,Jan-11,00-2011,"00, 02-Jan-2011",1
02/01/2011,1796,52,AlbionStSouth,16,Sunday,02-Jan-11,1,2011,2,Sunday/02-Jan-2011,Jan-11,00-2011,"00, 02-Jan-2011",1
02/01/2011,602,52,AlbionStSouth,17,Sunday,02-Jan-11,1,2011,2,Sunday/02-Jan-2011,Jan-11,00-2011,"00, 02-Jan-2011",1
02/01/2011,189,52,AlbionStSouth,18,Sunday,02-Jan-11,1,2011,2,Sunday/02-Jan-2011,Jan-11,00-2011,"00, 02-Jan-2011",1
02/01/2011,157,52,AlbionStSouth,19,Sunday,02-Jan-11,1,2011,2,Sunday/02-Jan-2011,Jan-11,00-2011,"00, 02-Jan-2011",1
02/01/2011,116,52,AlbionStSouth,20,Sunday,02-Jan-11,1,2011,2,Sunday/02-Jan-2011,Jan-11,00-2011,"00, 02-Jan-2011",1
02/01/2011,75,52,AlbionStSouth,21,Sunday,02-Jan-11,1,2011,2,Sunday/02-Jan-2011,Jan-11,00-2011,"00, 02-Jan-2011",1
02/01/2011,100,52,AlbionStSouth,22,Sunday,02-Jan-11,1,2011,2,Sunday/02-Jan-2011,Jan-11,00-2011,"00, 02-Jan-2011",1
02/01/2011,62,52,AlbionStSouth,23,Sunday,02-Jan-11,1,2011,2,Sunday/02-Jan-2011,Jan-11,00-2011,"00, 02-Jan-2011",1
02/01/2011,23,52,CommercialStBarratts,0,Sunday,02-Jan-11,1,2011,2,Sunday/02-Jan-2011,Jan-11,00-2011,"00, 02-Jan-2011",1
02/01/2011,13,52,CommercialStBarratts,1,Sunday,02-Jan-11,1,2011,2,Sunday/02-Jan-2011,Jan-11,00-2011,"00, 02-Jan-2011",1
02/01/2011,8,52,CommercialStBarratts,2,Sunday,02-Jan-11,1,2011,2,Sunday/02-Jan-2011,Jan-11,00-2011,"00, 02-Jan-2011",1
02/01/2011,0,52,CommercialStBarratts,3,Sunday,02-Jan-11,1,2011,2,Sunday/02-Jan-2011,Jan-11,00-2011,"00, 02-Jan-2011",1
02/01/2011,6,52,CommercialStBarratts,4,Sunday,02-Jan-11,1,2011,2,Sunday/02-Jan-2011,Jan-11,00-2011,"00, 02-Jan-2011",1
02/01/2011,38,52,CommercialStBarratts,5,Sunday,02-Jan-11,1,2011,2,Sunday/02-Jan-2011,Jan-11,00-2011,"00, 02-Jan-2011",1
02/01/2011,7,52,CommercialStBarratts,6,Sunday,02-Jan-11,1,2011,2,Sunday/02-Jan-2011,Jan-11,00-2011,"00, 02-Jan-2011",1
02/01/2011,49,52,CommercialStBarratts,7,Sunday,02-Jan-11,1,2011,2,Sunday/02-Jan-2011,Jan-11,00-2011,"00, 02-Jan-2011",1
02/01/2011,30,52,CommercialStBarratts,8,Sunday,02-Jan-11,1,2011,2,Sunday/02-Jan-2011,Jan-11,00-2011,"00, 02-Jan-2011",1
02/01/2011,122,52,CommercialStBarratts,9,Sunday,02-Jan-11,1,2011,2,Sunday/02-Jan-2011,Jan-11,00-2011,"00, 02-Jan-2011",1
02/01/2011,568,52,CommercialStBarratts,10,Sunday,02-Jan-11,1,2011,2,Sunday/02-Jan-2011,Jan-11,00-2011,"00, 02-Jan-2011",1
02/01/2011,1180,52,CommercialStBarratts,11,Sunday,02-Jan-11,1,2011,2,Sunday/02-Jan-2011,Jan-11,00-2011,"00, 02-Jan-2011",1
02/01/2011,1971,52,CommercialStBarratts,12,Sunday,02-Jan-11,1,2011,2,Sunday/02-Jan-2011,Jan-11,00-2011,"00, 02-Jan-2011",1
02/01/2011,2642,52,CommercialStBarratts,13,Sunday,02-Jan-11,1,2011,2,Sunday/02-Jan-2011,Jan-11,00-2011,"00, 02-Jan-2011",1
02/01/2011,3020,52,CommercialStBarratts,14,Sunday,02-Jan-11,1,2011,2,Sunday/02-Jan-2011,Jan-11,00-2011,"00, 02-Jan-2011",1
02/01/2011,2560,52,CommercialStBarratts,15,Sunday,02-Jan-11,1,2011,2,Sunday/02-Jan-2011,Jan-11,00-2011,"00, 02-Jan-2011",1
02/01/2011,1325,52,CommercialStBarratts,16,Sunday,02-Jan-11,1,2011,2,Sunday/02-Jan-2011,Jan-11,00-2011,"00, 02-Jan-2011",1
02/01/2011,436,52,CommercialStBarratts,17,Sunday,02-Jan-11,1,2011,2,Sunday/02-Jan-2011,Jan-11,00-2011,"00, 02-Jan-2011",1
02/01/2011,168,52,CommercialStBarratts,18,Sunday,02-Jan-11,1,2011,2,Sunday/02-Jan-2011,Jan-11,00-2011,"00, 02-Jan-2011",1
02/01/2011,141,52,CommercialStBarratts,19,Sunday,02-Jan-11,1,2011,2,Sunday/02-Jan-2011,Jan-11,00-2011,"00, 02-Jan-2011",1
02/01/2011,148,52,CommercialStBarratts,20,Sunday,02-Jan-11,1,2011,2,Sunday/02-Jan-2011,Jan-11,00-2011,"00, 02-Jan-2011",1
02/01/2011,131,52,CommercialStBarratts,21,Sunday,02-Jan-11,1,2011,2,Sunday/02-Jan-2011,Jan-11,00-2011,"00, 02-Jan-2011",1
02/01/2011,116,52,CommercialStBarratts,22,Sunday,02-Jan-11,1,2011,2,Sunday/02-Jan-2011,Jan-11,00-2011,"00, 02-Jan-2011",1
02/01/2011,67,52,CommercialStBarratts,23,Sunday,02-Jan-11,1,2011,2,Sunday/02-Jan-2011,Jan-11,00-2011,"00, 02-Jan-2011",1
02/01/2011,10,52,CommercialStLush,0,Sunday,02-Jan-11,1,2011,2,Sunday/02-Jan-2011,Jan-11,00-2011,"00, 02-Jan-2011",1
02/01/2011,69,52,CommercialStLush,1,Sunday,02-Jan-11,1,2011,2,Sunday/02-Jan-2011,Jan-11,00-2011,"00, 02-Jan-2011",1
02/01/2011,5,52,CommercialStLush,2,Sunday,02-Jan-11,1,2011,2,Sunday/02-Jan-2011,Jan-11,00-2011,"00, 02-Jan-2011",1
02/01/2011,0,52,CommercialStLush,3,Sunday,02-Jan-11,1,2011,2,Sunday/02-Jan-2011,Jan-11,00-2011,"00, 02-Jan-2011",1
02/01/2011,12,52,CommercialStLush,4,Sunday,02-Jan-11,1,2011,2,Sunday/02-Jan-2011,Jan-11,00-2011,"00, 02-Jan-2011",1
02/01/2011,6,52,CommercialStLush,5,Sunday,02-Jan-11,1,2011,2,Sunday/02-Jan-2011,Jan-11,00-2011,"00, 02-Jan-2011",1
02/01/2011,8,52,CommercialStLush,6,Sunday,02-Jan-11,1,2011,2,Sunday/02-Jan-2011,Jan-11,00-2011,"00, 02-Jan-2011",1
02/01/2011,29,52,CommercialStLush,7,Sunday,02-Jan-11,1,2011,2,Sunday/02-Jan-2011,Jan-11,00-2011,"00, 02-Jan-2011",1
02/01/2011,34,52,CommercialStLush,8,Sunday,02-Jan-11,1,2011,2,Sunday/02-Jan-2011,Jan-11,00-2011,"00, 02-Jan-2011",1
02/01/2011,158,52,CommercialStLush,9,Sunday,02-Jan-11,1,2011,2,Sunday/02-Jan-2011,Jan-11,00-2011,"00, 02-Jan-2011",1
02/01/2011,763,52,CommercialStLush,10,Sunday,02-Jan-11,1,2011,2,Sunday/02-Jan-2011,Jan-11,00-2011,"00, 02-Jan-2011",1
02/01/2011,2090,52,CommercialStLush,11,Sunday,02-Jan-11,1,2011,2,Sunday/02-Jan-2011,Jan-11,00-2011,"00, 02-Jan-2011",1
02/01/2011,3214,52,CommercialStLush,12,Sunday,02-Jan-11,1,2011,2,Sunday/02-Jan-2011,Jan-11,00-2011,"00, 02-Jan-2011",1
02/01/2011,4087,52,CommercialStLush,13,Sunday,02-Jan-11,1,2011,2,Sunday/02-Jan-2011,Jan-11,00-2011,"00, 02-Jan-2011",1
02/01/2011,4766,52,CommercialStLush,14,Sunday,02-Jan-11,1,2011,2,Sunday/02-Jan-2011,Jan-11,00-2011,"00, 02-Jan-2011",1
02/01/2011,4103,52,CommercialStLush,15,Sunday,02-Jan-11,1,2011,2,Sunday/02-Jan-2011,Jan-11,00-2011,"00, 02-Jan-2011",1
02/01/2011,1783,52,CommercialStLush,16,Sunday,02-Jan-11,1,2011,2,Sunday/02-Jan-2011,Jan-11,00-2011,"00, 02-Jan-2011",1
02/01/2011,332,52,CommercialStLush,17,Sunday,02-Jan-11,1,2011,2,Sunday/02-Jan-2011,Jan-11,00-2011,"00, 02-Jan-2011",1
02/01/2011,88,52,CommercialStLush,18,Sunday,02-Jan-11,1,2011,2,Sunday/02-Jan-2011,Jan-11,00-2011,"00, 02-Jan-2011",1
02/01/2011,43,52,CommercialStLush,19,Sunday,02-Jan-11,1,2011,2,Sunday/02-Jan-2011,Jan-11,00-2011,"00, 02-Jan-2011",1
02/01/2011,52,52,CommercialStLush,20,Sunday,02-Jan-11,1,2011,2,Sunday/02-Jan-2011,Jan-11,00-2011,"00, 02-Jan-2011",1
02/01/2011,35,52,CommercialStLush,21,Sunday,02-Jan-11,1,2011,2,Sunday/02-Jan-2011,Jan-11,00-2011,"00, 02-Jan-2011",1
02/01/2011,31,52,CommercialStLush,22,Sunday,02-Jan-11,1,2011,2,Sunday/02-Jan-2011,Jan-11,00-2011,"00, 02-Jan-2011",1
02/01/2011,38,52,CommercialStLush,23,Sunday,02-Jan-11,1,2011,2,Sunday/02-Jan-2011,Jan-11,00-2011,"00, 02-Jan-2011",1
02/01/2011,21,52,Headrow,0,Sunday,02-Jan-11,1,2011,2,Sunday/02-Jan-2011,Jan-11,00-2011,"00, 02-Jan-2011",1
02/01/2011,20,52,Headrow,1,Sunday,02-Jan-11,1,2011,2,Sunday/02-Jan-2011,Jan-11,00-2011,"00, 02-Jan-2011",1
02/01/2011,5,52,Headrow,2,Sunday,02-Jan-11,1,2011,2,Sunday/02-Jan-2011,Jan-11,00-2011,"00, 02-Jan-2011",1
02/01/2011,27,52,Headrow,3,Sunday,02-Jan-11,1,2011,2,Sunday/02-Jan-2011,Jan-11,00-2011,"00, 02-Jan-2011",1
02/01/2011,10,52,Headrow,4,Sunday,02-Jan-11,1,2011,2,Sunday/02-Jan-2011,Jan-11,00-2011,"00, 02-Jan-2011",1
02/01/2011,3,52,Headrow,5,Sunday,02-Jan-11,1,2011,2,Sunday/02-Jan-2011,Jan-11,00-2011,"00, 02-Jan-2011",1
02/01/2011,15,52,Headrow,6,Sunday,02-Jan-11,1,2011,2,Sunday/02-Jan-2011,Jan-11,00-2011,"00, 02-Jan-2011",1
02/01/2011,16,52,Headrow,7,Sunday,02-Jan-11,1,2011,2,Sunday/02-Jan-2011,Jan-11,00-2011,"00, 02-Jan-2011",1
02/01/2011,27,52,Headrow,8,Sunday,02-Jan-11,1,2011,2,Sunday/02-Jan-2011,Jan-11,00-2011,"00, 02-Jan-2011",1
02/01/2011,77,52,Headrow,9,Sunday,02-Jan-11,1,2011,2,Sunday/02-Jan-2011,Jan-11,00-2011,"00, 02-Jan-2011",1
02/01/2011,295,52,Headrow,10,Sunday,02-Jan-11,1,2011,2,Sunday/02-Jan-2011,Jan-11,00-2011,"00, 02-Jan-2011",1
02/01/2011,723,52,Headrow,11,Sunday,02-Jan-11,1,2011,2,Sunday/02-Jan-2011,Jan-11,00-2011,"00, 02-Jan-2011",1
02/01/2011,1173,52,Headrow,12,Sunday,02-Jan-11,1,2011,2,Sunday/02-Jan-2011,Jan-11,00-2011,"00, 02-Jan-2011",1
02/01/2011,1625,52,Headrow,13,Sunday,02-Jan-11,1,2011,2,Sunday/02-Jan-2011,Jan-11,00-2011,"00, 02-Jan-2011",1
02/01/2011,1664,52,Headrow,14,Sunday,02-Jan-11,1,2011,2,Sunday/02-Jan-2011,Jan-11,00-2011,"00, 02-Jan-2011",1
02/01/2011,1483,52,Headrow,15,Sunday,02-Jan-11,1,2011,2,Sunday/02-Jan-2011,Jan-11,00-2011,"00, 02-Jan-2011",1
02/01/2011,806,52,Headrow,16,Sunday,02-Jan-11,1,2011,2,Sunday/02-Jan-2011,Jan-11,00-2011,"00, 02-Jan-2011",1
02/01/2011,345,52,Headrow,17,Sunday,02-Jan-11,1,2011,2,Sunday/02-Jan-2011,Jan-11,00-2011,"00, 02-Jan-2011",1
02/01/2011,147,52,Headrow,18,Sunday,02-Jan-11,1,2011,2,Sunday/02-Jan-2011,Jan-11,00-2011,"00, 02-Jan-2011",1
02/01/2011,142,52,Headrow,19,Sunday,02-Jan-11,1,2011,2,Sunday/02-Jan-2011,Jan-11,00-2011,"00, 02-Jan-2011",1
02/01/2011,112,52,Headrow,20,Sunday,02-Jan-11,1,2011,2,Sunday/02-Jan-2011,Jan-11,00-2011,"00, 02-Jan-2011",1
02/01/2011,84,52,Headrow,21,Sunday,02-Jan-11,1,2011,2,Sunday/02-Jan-2011,Jan-11,00-2011,"00, 02-Jan-2011",1
02/01/2011,96,52,Headrow,22,Sunday,02-Jan-11,1,2011,2,Sunday/02-Jan-2011,Jan-11,00-2011,"00, 02-Jan-2011",1
02/01/2011,35,52,Headrow,23,Sunday,02-Jan-11,1,2011,2,Sunday/02-Jan-2011,Jan-11,00-2011,"00, 02-Jan-2011",1
02/01/2011,23,52,DortmundSq,0,Sunday,02-Jan-11,1,2011,2,Sunday/02-Jan-2011,Jan-11,00-2011,"00, 02-Jan-2011",1
02/01/2011,22,52,DortmundSq,1,Sunday,02-Jan-11,1,2011,2,Sunday/02-Jan-2011,Jan-11,00-2011,"00, 02-Jan-2011",1
02/01/2011,17,52,DortmundSq,2,Sunday,02-Jan-11,1,2011,2,Sunday/02-Jan-2011,Jan-11,00-2011,"00, 02-Jan-2011",1
02/01/2011,11,52,DortmundSq,3,Sunday,02-Jan-11,1,2011,2,Sunday/02-Jan-2011,Jan-11,00-2011,"00, 02-Jan-2011",1
02/01/2011,18,52,DortmundSq,4,Sunday,02-Jan-11,1,2011,2,Sunday/02-Jan-2011,Jan-11,00-2011,"00, 02-Jan-2011",1
02/01/2011,28,52,DortmundSq,5,Sunday,02-Jan-11,1,2011,2,Sunday/02-Jan-2011,Jan-11,00-2011,"00, 02-Jan-2011",1
02/01/2011,23,52,DortmundSq,6,Sunday,02-Jan-11,1,2011,2,Sunday/02-Jan-2011,Jan-11,00-2011,"00, 02-Jan-2011",1
02/01/2011,35,52,DortmundSq,7,Sunday,02-Jan-11,1,2011,2,Sunday/02-Jan-2011,Jan-11,00-2011,"00, 02-Jan-2011",1
02/01/2011,37,52,DortmundSq,8,Sunday,02-Jan-11,1,2011,2,Sunday/02-Jan-2011,Jan-11,00-2011,"00, 02-Jan-2011",1
02/01/2011,93,52,DortmundSq,9,Sunday,02-Jan-11,1,2011,2,Sunday/02-Jan-2011,Jan-11,00-2011,"00, 02-Jan-2011",1
02/01/2011,382,52,DortmundSq,10,Sunday,02-Jan-11,1,2011,2,Sunday/02-Jan-2011,Jan-11,00-2011,"00, 02-Jan-2011",1
02/01/2011,815,52,DortmundSq,11,Sunday,02-Jan-11,1,2011,2,Sunday/02-Jan-2011,Jan-11,00-2011,"00, 02-Jan-2011",1
02/01/2011,1380,52,DortmundSq,12,Sunday,02-Jan-11,1,2011,2,Sunday/02-Jan-2011,Jan-11,00-2011,"00, 02-Jan-2011",1
02/01/2011,1730,52,DortmundSq,13,Sunday,02-Jan-11,1,2011,2,Sunday/02-Jan-2011,Jan-11,00-2011,"00, 02-Jan-2011",1
02/01/2011,2140,52,DortmundSq,14,Sunday,02-Jan-11,1,2011,2,Sunday/02-Jan-2011,Jan-11,00-2011,"00, 02-Jan-2011",1
02/01/2011,2172,52,DortmundSq,15,Sunday,02-Jan-11,1,2011,2,Sunday/02-Jan-2011,Jan-11,00-2011,"00, 02-Jan-2011",1
02/01/2011,1664,52,DortmundSq,16,Sunday,02-Jan-11,1,2011,2,Sunday/02-Jan-2011,Jan-11,00-2011,"00, 02-Jan-2011",1
02/01/2011,768,52,DortmundSq,17,Sunday,02-Jan-11,1,2011,2,Sunday/02-Jan-2011,Jan-11,00-2011,"00, 02-Jan-2011",1
02/01/2011,263,52,DortmundSq,18,Sunday,02-Jan-11,1,2011,2,Sunday/02-Jan-2011,Jan-11,00-2011,"00, 02-Jan-2011",1
02/01/2011,190,52,DortmundSq,19,Sunday,02-Jan-11,1,2011,2,Sunday/02-Jan-2011,Jan-11,00-2011,"00, 02-Jan-2011",1
02/01/2011,125,52,DortmundSq,20,Sunday,02-Jan-11,1,2011,2,Sunday/02-Jan-2011,Jan-11,00-2011,"00, 02-Jan-2011",1
02/01/2011,105,52,DortmundSq,21,Sunday,02-Jan-11,1,2011,2,Sunday/02-Jan-2011,Jan-11,00-2011,"00, 02-Jan-2011",1
02/01/2011,78,52,DortmundSq,22,Sunday,02-Jan-11,1,2011,2,Sunday/02-Jan-2011,Jan-11,00-2011,"00, 02-Jan-2011",1
02/01/2011,49,52,DortmundSq,23,Sunday,02-Jan-11,1,2011,2,Sunday/02-Jan-2011,Jan-11,00-2011,"00, 02-Jan-2011",1
03/01/2011,161,1,Briggate,0,Monday,03-Jan-11,1,2011,3,Monday/03-Jan-2011,Jan-11,Jan-11,"00, 03-Jan-2011",1
03/01/2011,109,1,Briggate,1,Monday,03-Jan-11,1,2011,3,Monday/03-Jan-2011,Jan-11,Jan-11,"00, 03-Jan-2011",1
03/01/2011,77,1,Briggate,2,Monday,03-Jan-11,1,2011,3,Monday/03-Jan-2011,Jan-11,Jan-11,"00, 03-Jan-2011",1
03/01/2011,88,1,Briggate,3,Monday,03-Jan-11,1,2011,3,Monday/03-Jan-2011,Jan-11,Jan-11,"00, 03-Jan-2011",1
03/01/2011,33,1,Briggate,4,Monday,03-Jan-11,1,2011,3,Monday/03-Jan-2011,Jan-11,Jan-11,"00, 03-Jan-2011",1
03/01/2011,45,1,Briggate,5,Monday,03-Jan-11,1,2011,3,Monday/03-Jan-2011,Jan-11,Jan-11,"00, 03-Jan-2011",1
03/01/2011,89,1,Briggate,6,Monday,03-Jan-11,1,2011,3,Monday/03-Jan-2011,Jan-11,Jan-11,"00, 03-Jan-2011",1
03/01/2011,115,1,Briggate,7,Monday,03-Jan-11,1,2011,3,Monday/03-Jan-2011,Jan-11,Jan-11,"00, 03-Jan-2011",1
03/01/2011,160,1,Briggate,8,Monday,03-Jan-11,1,2011,3,Monday/03-Jan-2011,Jan-11,Jan-11,"00, 03-Jan-2011",1
03/01/2011,357,1,Briggate,9,Monday,03-Jan-11,1,2011,3,Monday/03-Jan-2011,Jan-11,Jan-11,"00, 03-Jan-2011",1
03/01/2011,863,1,Briggate,10,Monday,03-Jan-11,1,2011,3,Monday/03-Jan-2011,Jan-11,Jan-11,"00, 03-Jan-2011",1
03/01/2011,1830,1,Briggate,11,Monday,03-Jan-11,1,2011,3,Monday/03-Jan-2011,Jan-11,Jan-11,"00, 03-Jan-2011",1
03/01/2011,7300,1,Briggate,12,Monday,03-Jan-11,1,2011,3,Monday/03-Jan-2011,Jan-11,Jan-11,"00, 03-Jan-2011",1
03/01/2011,6080,1,Briggate,13,Monday,03-Jan-11,1,2011,3,Monday/03-Jan-2011,Jan-11,Jan-11,"00, 03-Jan-2011",1
03/01/2011,4333,1,Briggate,14,Monday,03-Jan-11,1,2011,3,Monday/03-Jan-2011,Jan-11,Jan-11,"00, 03-Jan-2011",1
03/01/2011,3916,1,Briggate,15,Monday,03-Jan-11,1,2011,3,Monday/03-Jan-2011,Jan-11,Jan-11,"00, 03-Jan-2011",1
03/01/2011,2357,1,Briggate,16,Monday,03-Jan-11,1,2011,3,Monday/03-Jan-2011,Jan-11,Jan-11,"00, 03-Jan-2011",1
03/01/2011,1290,1,Briggate,17,Monday,03-Jan-11,1,2011,3,Monday/03-Jan-2011,Jan-11,Jan-11,"00, 03-Jan-2011",1
03/01/2011,485,1,Briggate,18,Monday,03-Jan-11,1,2011,3,Monday/03-Jan-2011,Jan-11,Jan-11,"00, 03-Jan-2011",1
03/01/2011,214,1,Briggate,19,Monday,03-Jan-11,1,2011,3,Monday/03-Jan-2011,Jan-11,Jan-11,"00, 03-Jan-2011",1
03/01/2011,222,1,Briggate,20,Monday,03-Jan-11,1,2011,3,Monday/03-Jan-2011,Jan-11,Jan-11,"00, 03-Jan-2011",1
03/01/2011,122,1,Briggate,21,Monday,03-Jan-11,1,2011,3,Monday/03-Jan-2011,Jan-11,Jan-11,"00, 03-Jan-2011",1
03/01/2011,104,1,Briggate,22,Monday,03-Jan-11,1,2011,3,Monday/03-Jan-2011,Jan-11,Jan-11,"00, 03-Jan-2011",1
03/01/2011,69,1,Briggate,23,Monday,03-Jan-11,1,2011,3,Monday/03-Jan-2011,Jan-11,Jan-11,"00, 03-Jan-2011",1
03/01/2011,11,1,BriggateAtMcDs,0,Monday,03-Jan-11,1,2011,3,Monday/03-Jan-2011,Jan-11,Jan-11,"00, 03-Jan-2011",1
03/01/2011,9,1,BriggateAtMcDs,1,Monday,03-Jan-11,1,2011,3,Monday/03-Jan-2011,Jan-11,Jan-11,"00, 03-Jan-2011",1
03/01/2011,5,1,BriggateAtMcDs,2,Monday,03-Jan-11,1,2011,3,Monday/03-Jan-2011,Jan-11,Jan-11,"00, 03-Jan-2011",1
03/01/2011,4,1,BriggateAtMcDs,3,Monday,03-Jan-11,1,2011,3,Monday/03-Jan-2011,Jan-11,Jan-11,"00, 03-Jan-2011",1
03/01/2011,1,1,BriggateAtMcDs,4,Monday,03-Jan-11,1,2011,3,Monday/03-Jan-2011,Jan-11,Jan-11,"00, 03-Jan-2011",1
03/01/2011,4,1,BriggateAtMcDs,5,Monday,03-Jan-11,1,2011,3,Monday/03-Jan-2011,Jan-11,Jan-11,"00, 03-Jan-2011",1
03/01/2011,31,1,BriggateAtMcDs,6,Monday,03-Jan-11,1,2011,3,Monday/03-Jan-2011,Jan-11,Jan-11,"00, 03-Jan-2011",1
03/01/2011,74,1,BriggateAtMcDs,7,Monday,03-Jan-11,1,2011,3,Monday/03-Jan-2011,Jan-11,Jan-11,"00, 03-Jan-2011",1
03/01/2011,420,1,BriggateAtMcDs,8,Monday,03-Jan-11,1,2011,3,Monday/03-Jan-2011,Jan-11,Jan-11,"00, 03-Jan-2011",1
03/01/2011,623,1,BriggateAtMcDs,9,Monday,03-Jan-11,1,2011,3,Monday/03-Jan-2011,Jan-11,Jan-11,"00, 03-Jan-2011",1
03/01/2011,1043,1,BriggateAtMcDs,10,Monday,03-Jan-11,1,2011,3,Monday/03-Jan-2011,Jan-11,Jan-11,"00, 03-Jan-2011",1
03/01/2011,1527,1,BriggateAtMcDs,11,Monday,03-Jan-11,1,2011,3,Monday/03-Jan-2011,Jan-11,Jan-11,"00, 03-Jan-2011",1
03/01/2011,1519,1,BriggateAtMcDs,12,Monday,03-Jan-11,1,2011,3,Monday/03-Jan-2011,Jan-11,Jan-11,"00, 03-Jan-2011",1
03/01/2011,1961,1,BriggateAtMcDs,13,Monday,03-Jan-11,1,2011,3,Monday/03-Jan-2011,Jan-11,Jan-11,"00, 03-Jan-2011",1
03/01/2011,1957,1,BriggateAtMcDs,14,Monday,03-Jan-11,1,2011,3,Monday/03-Jan-2011,Jan-11,Jan-11,"00, 03-Jan-2011",1
03/01/2011,1880,1,BriggateAtMcDs,15,Monday,03-Jan-11,1,2011,3,Monday/03-Jan-2011,Jan-11,Jan-11,"00, 03-Jan-2011",1
03/01/2011,1079,1,BriggateAtMcDs,16,Monday,03-Jan-11,1,2011,3,Monday/03-Jan-2011,Jan-11,Jan-11,"00, 03-Jan-2011",1
03/01/2011,816,1,BriggateAtMcDs,17,Monday,03-Jan-11,1,2011,3,Monday/03-Jan-2011,Jan-11,Jan-11,"00, 03-Jan-2011",1
03/01/2011,408,1,BriggateAtMcDs,18,Monday,03-Jan-11,1,2011,3,Monday/03-Jan-2011,Jan-11,Jan-11,"00, 03-Jan-2011",1
03/01/2011,192,1,BriggateAtMcDs,19,Monday,03-Jan-11,1,2011,3,Monday/03-Jan-2011,Jan-11,Jan-11,"00, 03-Jan-2011",1
03/01/2011,109,1,BriggateAtMcDs,20,Monday,03-Jan-11,1,2011,3,Monday/03-Jan-2011,Jan-11,Jan-11,"00, 03-Jan-2011",1
03/01/2011,97,1,BriggateAtMcDs,21,Monday,03-Jan-11,1,2011,3,Monday/03-Jan-2011,Jan-11,Jan-11,"00, 03-Jan-2011",1
03/01/2011,56,1,BriggateAtMcDs,22,Monday,03-Jan-11,1,2011,3,Monday/03-Jan-2011,Jan-11,Jan-11,"00, 03-Jan-2011",1
03/01/2011,49,1,BriggateAtMcDs,23,Monday,03-Jan-11,1,2011,3,Monday/03-Jan-2011,Jan-11,Jan-11,"00, 03-Jan-2011",1
03/01/2011,22,1,AlbionStNorth,0,Monday,03-Jan-11,1,2011,3,Monday/03-Jan-2011,Jan-11,Jan-11,"00, 03-Jan-2011",1
03/01/2011,28,1,AlbionStNorth,1,Monday,03-Jan-11,1,2011,3,Monday/03-Jan-2011,Jan-11,Jan-11,"00, 03-Jan-2011",1
03/01/2011,7,1,AlbionStNorth,2,Monday,03-Jan-11,1,2011,3,Monday/03-Jan-2011,Jan-11,Jan-11,"00, 03-Jan-2011",1
03/01/2011,19,1,AlbionStNorth,3,Monday,03-Jan-11,1,2011,3,Monday/03-Jan-2011,Jan-11,Jan-11,"00, 03-Jan-2011",1
03/01/2011,14,1,AlbionStNorth,4,Monday,03-Jan-11,1,2011,3,Monday/03-Jan-2011,Jan-11,Jan-11,"00, 03-Jan-2011",1
03/01/2011,38,1,AlbionStNorth,5,Monday,03-Jan-11,1,2011,3,Monday/03-Jan-2011,Jan-11,Jan-11,"00, 03-Jan-2011",1
03/01/2011,43,1,AlbionStNorth,6,Monday,03-Jan-11,1,2011,3,Monday/03-Jan-2011,Jan-11,Jan-11,"00, 03-Jan-2011",1
03/01/2011,44,1,AlbionStNorth,7,Monday,03-Jan-11,1,2011,3,Monday/03-Jan-2011,Jan-11,Jan-11,"00, 03-Jan-2011",1
03/01/2011,112,1,AlbionStNorth,8,Monday,03-Jan-11,1,2011,3,Monday/03-Jan-2011,Jan-11,Jan-11,"00, 03-Jan-2011",1
03/01/2011,309,1,AlbionStNorth,9,Monday,03-Jan-11,1,2011,3,Monday/03-Jan-2011,Jan-11,Jan-11,"00, 03-Jan-2011",1
03/01/2011,806,1,AlbionStNorth,10,Monday,03-Jan-11,1,2011,3,Monday/03-Jan-2011,Jan-11,Jan-11,"00, 03-Jan-2011",1
03/01/2011,1964,1,AlbionStNorth,11,Monday,03-Jan-11,1,2011,3,Monday/03-Jan-2011,Jan-11,Jan-11,"00, 03-Jan-2011",1
03/01/2011,2784,1,AlbionStNorth,12,Monday,03-Jan-11,1,2011,3,Monday/03-Jan-2011,Jan-11,Jan-11,"00, 03-Jan-2011",1
03/01/2011,2821,1,AlbionStNorth,13,Monday,03-Jan-11,1,2011,3,Monday/03-Jan-2011,Jan-11,Jan-11,"00, 03-Jan-2011",1
03/01/2011,3058,1,AlbionStNorth,14,Monday,03-Jan-11,1,2011,3,Monday/03-Jan-2011,Jan-11,Jan-11,"00, 03-Jan-2011",1
03/01/2011,3146,1,AlbionStNorth,15,Monday,03-Jan-11,1,2011,3,Monday/03-Jan-2011,Jan-11,Jan-11,"00, 03-Jan-2011",1
03/01/2011,2162,1,AlbionStNorth,16,Monday,03-Jan-11,1,2011,3,Monday/03-Jan-2011,Jan-11,Jan-11,"00, 03-Jan-2011",1
03/01/2011,994,1,AlbionStNorth,17,Monday,03-Jan-11,1,2011,3,Monday/03-Jan-2011,Jan-11,Jan-11,"00, 03-Jan-2011",1
03/01/2011,242,1,AlbionStNorth,18,Monday,03-Jan-11,1,2011,3,Monday/03-Jan-2011,Jan-11,Jan-11,"00, 03-Jan-2011",1
03/01/2011,72,1,AlbionStNorth,19,Monday,03-Jan-11,1,2011,3,Monday/03-Jan-2011,Jan-11,Jan-11,"00, 03-Jan-2011",1
03/01/2011,54,1,AlbionStNorth,20,Monday,03-Jan-11,1,2011,3,Monday/03-Jan-2011,Jan-11,Jan-11,"00, 03-Jan-2011",1
03/01/2011,36,1,AlbionStNorth,21,Monday,03-Jan-11,1,2011,3,Monday/03-Jan-2011,Jan-11,Jan-11,"00, 03-Jan-2011",1
03/01/2011,27,1,AlbionStNorth,22,Monday,03-Jan-11,1,2011,3,Monday/03-Jan-2011,Jan-11,Jan-11,"00, 03-Jan-2011",1
03/01/2011,77,1,AlbionStNorth,23,Monday,03-Jan-11,1,2011,3,Monday/03-Jan-2011,Jan-11,Jan-11,"00, 03-Jan-2011",1
03/01/2011,21,1,AlbionStSouth,0,Monday,03-Jan-11,1,2011,3,Monday/03-Jan-2011,Jan-11,Jan-11,"00, 03-Jan-2011",1
03/01/2011,26,1,AlbionStSouth,1,Monday,03-Jan-11,1,2011,3,Monday/03-Jan-2011,Jan-11,Jan-11,"00, 03-Jan-2011",1
03/01/2011,10,1,AlbionStSouth,2,Monday,03-Jan-11,1,2011,3,Monday/03-Jan-2011,Jan-11,Jan-11,"00, 03-Jan-2011",1
03/01/2011,26,1,AlbionStSouth,3,Monday,03-Jan-11,1,2011,3,Monday/03-Jan-2011,Jan-11,Jan-11,"00, 03-Jan-2011",1
03/01/2011,14,1,AlbionStSouth,4,Monday,03-Jan-11,1,2011,3,Monday/03-Jan-2011,Jan-11,Jan-11,"00, 03-Jan-2011",1
03/01/2011,73,1,AlbionStSouth,5,Monday,03-Jan-11,1,2011,3,Monday/03-Jan-2011,Jan-11,Jan-11,"00, 03-Jan-2011",1
03/01/2011,77,1,AlbionStSouth,6,Monday,03-Jan-11,1,2011,3,Monday/03-Jan-2011,Jan-11,Jan-11,"00, 03-Jan-2011",1
03/01/2011,115,1,AlbionStSouth,7,Monday,03-Jan-11,1,2011,3,Monday/03-Jan-2011,Jan-11,Jan-11,"00, 03-Jan-2011",1
03/01/2011,126,1,AlbionStSouth,8,Monday,03-Jan-11,1,2011,3,Monday/03-Jan-2011,Jan-11,Jan-11,"00, 03-Jan-2011",1
03/01/2011,324,1,AlbionStSouth,9,Monday,03-Jan-11,1,2011,3,Monday/03-Jan-2011,Jan-11,Jan-11,"00, 03-Jan-2011",1
03/01/2011,856,1,AlbionStSouth,10,Monday,03-Jan-11,1,2011,3,Monday/03-Jan-2011,Jan-11,Jan-11,"00, 03-Jan-2011",1
03/01/2011,2099,1,AlbionStSouth,11,Monday,03-Jan-11,1,2011,3,Monday/03-Jan-2011,Jan-11,Jan-11,"00, 03-Jan-2011",1
03/01/2011,3030,1,AlbionStSouth,12,Monday,03-Jan-11,1,2011,3,Monday/03-Jan-2011,Jan-11,Jan-11,"00, 03-Jan-2011",1
03/01/2011,3604,1,AlbionStSouth,13,Monday,03-Jan-11,1,2011,3,Monday/03-Jan-2011,Jan-11,Jan-11,"00, 03-Jan-2011",1
03/01/2011,3760,1,AlbionStSouth,14,Monday,03-Jan-11,1,2011,3,Monday/03-Jan-2011,Jan-11,Jan-11,"00, 03-Jan-2011",1
03/01/2011,3744,1,AlbionStSouth,15,Monday,03-Jan-11,1,2011,3,Monday/03-Jan-2011,Jan-11,Jan-11,"00, 03-Jan-2011",1
03/01/2011,2719,1,AlbionStSouth,16,Monday,03-Jan-11,1,2011,3,Monday/03-Jan-2011,Jan-11,Jan-11,"00, 03-Jan-2011",1
03/01/2011,1276,1,AlbionStSouth,17,Monday,03-Jan-11,1,2011,3,Monday/03-Jan-2011,Jan-11,Jan-11,"00, 03-Jan-2011",1
03/01/2011,295,1,AlbionStSouth,18,Monday,03-Jan-11,1,2011,3,Monday/03-Jan-2011,Jan-11,Jan-11,"00, 03-Jan-2011",1
03/01/2011,110,1,AlbionStSouth,19,Monday,03-Jan-11,1,2011,3,Monday/03-Jan-2011,Jan-11,Jan-11,"00, 03-Jan-2011",1
03/01/2011,98,1,AlbionStSouth,20,Monday,03-Jan-11,1,2011,3,Monday/03-Jan-2011,Jan-11,Jan-11,"00, 03-Jan-2011",1
03/01/2011,109,1,AlbionStSouth,21,Monday,03-Jan-11,1,2011,3,Monday/03-Jan-2011,Jan-11,Jan-11,"00, 03-Jan-2011",1
03/01/2011,59,1,AlbionStSouth,22,Monday,03-Jan-11,1,2011,3,Monday/03-Jan-2011,Jan-11,Jan-11,"00, 03-Jan-2011",1
03/01/2011,45,1,AlbionStSouth,23,Monday,03-Jan-11,1,2011,3,Monday/03-Jan-2011,Jan-11,Jan-11,"00, 03-Jan-2011",1
03/01/2011,35,1,CommercialStBarratts,0,Monday,03-Jan-11,1,2011,3,Monday/03-Jan-2011,Jan-11,Jan-11,"00, 03-Jan-2011",1
03/01/2011,17,1,CommercialStBarratts,1,Monday,03-Jan-11,1,2011,3,Monday/03-Jan-2011,Jan-11,Jan-11,"00, 03-Jan-2011",1
03/01/2011,1,1,CommercialStBarratts,2,Monday,03-Jan-11,1,2011,3,Monday/03-Jan-2011,Jan-11,Jan-11,"00, 03-Jan-2011",1
03/01/2011,10,1,CommercialStBarratts,3,Monday,03-Jan-11,1,2011,3,Monday/03-Jan-2011,Jan-11,Jan-11,"00, 03-Jan-2011",1
03/01/2011,11,1,CommercialStBarratts,4,Monday,03-Jan-11,1,2011,3,Monday/03-Jan-2011,Jan-11,Jan-11,"00, 03-Jan-2011",1
03/01/2011,83,1,CommercialStBarratts,5,Monday,03-Jan-11,1,2011,3,Monday/03-Jan-2011,Jan-11,Jan-11,"00, 03-Jan-2011",1
03/01/2011,39,1,CommercialStBarratts,6,Monday,03-Jan-11,1,2011,3,Monday/03-Jan-2011,Jan-11,Jan-11,"00, 03-Jan-2011",1
03/01/2011,79,1,CommercialStBarratts,7,Monday,03-Jan-11,1,2011,3,Monday/03-Jan-2011,Jan-11,Jan-11,"00, 03-Jan-2011",1
03/01/2011,129,1,CommercialStBarratts,8,Monday,03-Jan-11,1,2011,3,Monday/03-Jan-2011,Jan-11,Jan-11,"00, 03-Jan-2011",1
03/01/2011,242,1,CommercialStBarratts,9,Monday,03-Jan-11,1,2011,3,Monday/03-Jan-2011,Jan-11,Jan-11,"00, 03-Jan-2011",1
03/01/2011,792,1,CommercialStBarratts,10,Monday,03-Jan-11,1,2011,3,Monday/03-Jan-2011,Jan-11,Jan-11,"00, 03-Jan-2011",1
03/01/2011,1704,1,CommercialStBarratts,11,Monday,03-Jan-11,1,2011,3,Monday/03-Jan-2011,Jan-11,Jan-11,"00, 03-Jan-2011",1
03/01/2011,2276,1,CommercialStBarratts,12,Monday,03-Jan-11,1,2011,3,Monday/03-Jan-2011,Jan-11,Jan-11,"00, 03-Jan-2011",1
03/01/2011,3082,1,CommercialStBarratts,13,Monday,03-Jan-11,1,2011,3,Monday/03-Jan-2011,Jan-11,Jan-11,"00, 03-Jan-2011",1
03/01/2011,3416,1,CommercialStBarratts,14,Monday,03-Jan-11,1,2011,3,Monday/03-Jan-2011,Jan-11,Jan-11,"00, 03-Jan-2011",1
03/01/2011,3215,1,CommercialStBarratts,15,Monday,03-Jan-11,1,2011,3,Monday/03-Jan-2011,Jan-11,Jan-11,"00, 03-Jan-2011",1
03/01/2011,1754,1,CommercialStBarratts,16,Monday,03-Jan-11,1,2011,3,Monday/03-Jan-2011,Jan-11,Jan-11,"00, 03-Jan-2011",1
03/01/2011,667,1,CommercialStBarratts,17,Monday,03-Jan-11,1,2011,3,Monday/03-Jan-2011,Jan-11,Jan-11,"00, 03-Jan-2011",1
03/01/2011,245,1,CommercialStBarratts,18,Monday,03-Jan-11,1,2011,3,Monday/03-Jan-2011,Jan-11,Jan-11,"00, 03-Jan-2011",1
03/01/2011,162,1,CommercialStBarratts,19,Monday,03-Jan-11,1,2011,3,Monday/03-Jan-2011,Jan-11,Jan-11,"00, 03-Jan-2011",1
03/01/2011,151,1,CommercialStBarratts,20,Monday,03-Jan-11,1,2011,3,Monday/03-Jan-2011,Jan-11,Jan-11,"00, 03-Jan-2011",1
03/01/2011,162,1,CommercialStBarratts,21,Monday,03-Jan-11,1,2011,3,Monday/03-Jan-2011,Jan-11,Jan-11,"00, 03-Jan-2011",1
03/01/2011,88,1,CommercialStBarratts,22,Monday,03-Jan-11,1,2011,3,Monday/03-Jan-2011,Jan-11,Jan-11,"00, 03-Jan-2011",1
03/01/2011,42,1,CommercialStBarratts,23,Monday,03-Jan-11,1,2011,3,Monday/03-Jan-2011,Jan-11,Jan-11,"00, 03-Jan-2011",1
03/01/2011,21,1,CommercialStLush,0,Monday,03-Jan-11,1,2011,3,Monday/03-Jan-2011,Jan-11,Jan-11,"00, 03-Jan-2011",1
03/01/2011,6,1,CommercialStLush,1,Monday,03-Jan-11,1,2011,3,Monday/03-Jan-2011,Jan-11,Jan-11,"00, 03-Jan-2011",1
03/01/2011,1,1,CommercialStLush,2,Monday,03-Jan-11,1,2011,3,Monday/03-Jan-2011,Jan-11,Jan-11,"00, 03-Jan-2011",1
03/01/2011,12,1,CommercialStLush,3,Monday,03-Jan-11,1,2011,3,Monday/03-Jan-2011,Jan-11,Jan-11,"00, 03-Jan-2011",1
03/01/2011,9,1,CommercialStLush,4,Monday,03-Jan-11,1,2011,3,Monday/03-Jan-2011,Jan-11,Jan-11,"00, 03-Jan-2011",1
03/01/2011,59,1,CommercialStLush,5,Monday,03-Jan-11,1,2011,3,Monday/03-Jan-2011,Jan-11,Jan-11,"00, 03-Jan-2011",1
03/01/2011,55,1,CommercialStLush,6,Monday,03-Jan-11,1,2011,3,Monday/03-Jan-2011,Jan-11,Jan-11,"00, 03-Jan-2011",1
03/01/2011,55,1,CommercialStLush,7,Monday,03-Jan-11,1,2011,3,Monday/03-Jan-2011,Jan-11,Jan-11,"00, 03-Jan-2011",1
03/01/2011,194,1,CommercialStLush,8,Monday,03-Jan-11,1,2011,3,Monday/03-Jan-2011,Jan-11,Jan-11,"00, 03-Jan-2011",1
03/01/2011,470,1,CommercialStLush,9,Monday,03-Jan-11,1,2011,3,Monday/03-Jan-2011,Jan-11,Jan-11,"00, 03-Jan-2011",1
03/01/2011,1361,1,CommercialStLush,10,Monday,03-Jan-11,1,2011,3,Monday/03-Jan-2011,Jan-11,Jan-11,"00, 03-Jan-2011",1
03/01/2011,2951,1,CommercialStLush,11,Monday,03-Jan-11,1,2011,3,Monday/03-Jan-2011,Jan-11,Jan-11,"00, 03-Jan-2011",1
03/01/2011,3970,1,CommercialStLush,12,Monday,03-Jan-11,1,2011,3,Monday/03-Jan-2011,Jan-11,Jan-11,"00, 03-Jan-2011",1
03/01/2011,4813,1,CommercialStLush,13,Monday,03-Jan-11,1,2011,3,Monday/03-Jan-2011,Jan-11,Jan-11,"00, 03-Jan-2011",1
03/01/2011,5477,1,CommercialStLush,14,Monday,03-Jan-11,1,2011,3,Monday/03-Jan-2011,Jan-11,Jan-11,"00, 03-Jan-2011",1
03/01/2011,5245,1,CommercialStLush,15,Monday,03-Jan-11,1,2011,3,Monday/03-Jan-2011,Jan-11,Jan-11,"00, 03-Jan-2011",1
03/01/2011,2415,1,CommercialStLush,16,Monday,03-Jan-11,1,2011,3,Monday/03-Jan-2011,Jan-11,Jan-11,"00, 03-Jan-2011",1
03/01/2011,842,1,CommercialStLush,17,Monday,03-Jan-11,1,2011,3,Monday/03-Jan-2011,Jan-11,Jan-11,"00, 03-Jan-2011",1
03/01/2011,169,1,CommercialStLush,18,Monday,03-Jan-11,1,2011,3,Monday/03-Jan-2011,Jan-11,Jan-11,"00, 03-Jan-2011",1
03/01/2011,71,1,CommercialStLush,19,Monday,03-Jan-11,1,2011,3,Monday/03-Jan-2011,Jan-11,Jan-11,"00, 03-Jan-2011",1
03/01/2011,52,1,CommercialStLush,20,Monday,03-Jan-11,1,2011,3,Monday/03-Jan-2011,Jan-11,Jan-11,"00, 03-Jan-2011",1
03/01/2011,100,1,CommercialStLush,21,Monday,03-Jan-11,1,2011,3,Monday/03-Jan-2011,Jan-11,Jan-11,"00, 03-Jan-2011",1
03/01/2011,19,1,CommercialStLush,22,Monday,03-Jan-11,1,2011,3,Monday/03-Jan-2011,Jan-11,Jan-11,"00, 03-Jan-2011",1
03/01/2011,35,1,CommercialStLush,23,Monday,03-Jan-11,1,2011,3,Monday/03-Jan-2011,Jan-11,Jan-11,"00, 03-Jan-2011",1
03/01/2011,9,1,Headrow,0,Monday,03-Jan-11,1,2011,3,Monday/03-Jan-2011,Jan-11,Jan-11,"00, 03-Jan-2011",1
03/01/2011,13,1,Headrow,1,Monday,03-Jan-11,1,2011,3,Monday/03-Jan-2011,Jan-11,Jan-11,"00, 03-Jan-2011",1
03/01/2011,7,1,Headrow,2,Monday,03-Jan-11,1,2011,3,Monday/03-Jan-2011,Jan-11,Jan-11,"00, 03-Jan-2011",1
03/01/2011,3,1,Headrow,3,Monday,03-Jan-11,1,2011,3,Monday/03-Jan-2011,Jan-11,Jan-11,"00, 03-Jan-2011",1
03/01/2011,4,1,Headrow,4,Monday,03-Jan-11,1,2011,3,Monday/03-Jan-2011,Jan-11,Jan-11,"00, 03-Jan-2011",1
03/01/2011,4,1,Headrow,5,Monday,03-Jan-11,1,2011,3,Monday/03-Jan-2011,Jan-11,Jan-11,"00, 03-Jan-2011",1
03/01/2011,9,1,Headrow,6,Monday,03-Jan-11,1,2011,3,Monday/03-Jan-2011,Jan-11,Jan-11,"00, 03-Jan-2011",1
03/01/2011,22,1,Headrow,7,Monday,03-Jan-11,1,2011,3,Monday/03-Jan-2011,Jan-11,Jan-11,"00, 03-Jan-2011",1
03/01/2011,55,1,Headrow,8,Monday,03-Jan-11,1,2011,3,Monday/03-Jan-2011,Jan-11,Jan-11,"00, 03-Jan-2011",1
03/01/2011,125,1,Headrow,9,Monday,03-Jan-11,1,2011,3,Monday/03-Jan-2011,Jan-11,Jan-11,"00, 03-Jan-2011",1
03/01/2011,430,1,Headrow,10,Monday,03-Jan-11,1,2011,3,Monday/03-Jan-2011,Jan-11,Jan-11,"00, 03-Jan-2011",1
03/01/2011,928,1,Headrow,11,Monday,03-Jan-11,1,2011,3,Monday/03-Jan-2011,Jan-11,Jan-11,"00, 03-Jan-2011",1
03/01/2011,1460,1,Headrow,12,Monday,03-Jan-11,1,2011,3,Monday/03-Jan-2011,Jan-11,Jan-11,"00, 03-Jan-2011",1
03/01/2011,1906,1,Headrow,13,Monday,03-Jan-11,1,2011,3,Monday/03-Jan-2011,Jan-11,Jan-11,"00, 03-Jan-2011",1
03/01/2011,2183,1,Headrow,14,Monday,03-Jan-11,1,2011,3,Monday/03-Jan-2011,Jan-11,Jan-11,"00, 03-Jan-2011",1
03/01/2011,1976,1,Headrow,15,Monday,03-Jan-11,1,2011,3,Monday/03-Jan-2011,Jan-11,Jan-11,"00, 03-Jan-2011",1
03/01/2011,1049,1,Headrow,16,Monday,03-Jan-11,1,2011,3,Monday/03-Jan-2011,Jan-11,Jan-11,"00, 03-Jan-2011",1
03/01/2011,453,1,Headrow,17,Monday,03-Jan-11,1,2011,3,Monday/03-Jan-2011,Jan-11,Jan-11,"00, 03-Jan-2011",1
03/01/2011,205,1,Headrow,18,Monday,03-Jan-11,1,2011,3,Monday/03-Jan-2011,Jan-11,Jan-11,"00, 03-Jan-2011",1
03/01/2011,96,1,Headrow,19,Monday,03-Jan-11,1,2011,3,Monday/03-Jan-2011,Jan-11,Jan-11,"00, 03-Jan-2011",1
03/01/2011,65,1,Headrow,20,Monday,03-Jan-11,1,2011,3,Monday/03-Jan-2011,Jan-11,Jan-11,"00, 03-Jan-2011",1
03/01/2011,68,1,Headrow,21,Monday,03-Jan-11,1,2011,3,Monday/03-Jan-2011,Jan-11,Jan-11,"00, 03-Jan-2011",1
03/01/2011,39,1,Headrow,22,Monday,03-Jan-11,1,2011,3,Monday/03-Jan-2011,Jan-11,Jan-11,"00, 03-Jan-2011",1
03/01/2011,34,1,Headrow,23,Monday,03-Jan-11,1,2011,3,Monday/03-Jan-2011,Jan-11,Jan-11,"00, 03-Jan-2011",1
03/01/2011,39,1,DortmundSq,0,Monday,03-Jan-11,1,2011,3,Monday/03-Jan-2011,Jan-11,Jan-11,"00, 03-Jan-2011",1
03/01/2011,21,1,DortmundSq,1,Monday,03-Jan-11,1,2011,3,Monday/03-Jan-2011,Jan-11,Jan-11,"00, 03-Jan-2011",1
03/01/2011,12,1,DortmundSq,2,Monday,03-Jan-11,1,2011,3,Monday/03-Jan-2011,Jan-11,Jan-11,"00, 03-Jan-2011",1
03/01/2011,25,1,DortmundSq,3,Monday,03-Jan-11,1,2011,3,Monday/03-Jan-2011,Jan-11,Jan-11,"00, 03-Jan-2011",1
03/01/2011,9,1,DortmundSq,4,Monday,03-Jan-11,1,2011,3,Monday/03-Jan-2011,Jan-11,Jan-11,"00, 03-Jan-2011",1
03/01/2011,18,1,DortmundSq,5,Monday,03-Jan-11,1,2011,3,Monday/03-Jan-2011,Jan-11,Jan-11,"00, 03-Jan-2011",1
03/01/2011,39,1,DortmundSq,6,Monday,03-Jan-11,1,2011,3,Monday/03-Jan-2011,Jan-11,Jan-11,"00, 03-Jan-2011",1
03/01/2011,44,1,DortmundSq,7,Monday,03-Jan-11,1,2011,3,Monday/03-Jan-2011,Jan-11,Jan-11,"00, 03-Jan-2011",1
03/01/2011,109,1,DortmundSq,8,Monday,03-Jan-11,1,2011,3,Monday/03-Jan-2011,Jan-11,Jan-11,"00, 03-Jan-2011",1
03/01/2011,239,1,DortmundSq,9,Monday,03-Jan-11,1,2011,3,Monday/03-Jan-2011,Jan-11,Jan-11,"00, 03-Jan-2011",1
03/01/2011,612,1,DortmundSq,10,Monday,03-Jan-11,1,2011,3,Monday/03-Jan-2011,Jan-11,Jan-11,"00, 03-Jan-2011",1
03/01/2011,1225,1,DortmundSq,11,Monday,03-Jan-11,1,2011,3,Monday/03-Jan-2011,Jan-11,Jan-11,"00, 03-Jan-2011",1
03/01/2011,1822,1,DortmundSq,12,Monday,03-Jan-11,1,2011,3,Monday/03-Jan-2011,Jan-11,Jan-11,"00, 03-Jan-2011",1
03/01/2011,2274,1,DortmundSq,13,Monday,03-Jan-11,1,2011,3,Monday/03-Jan-2011,Jan-11,Jan-11,"00, 03-Jan-2011",1
03/01/2011,2835,1,DortmundSq,14,Monday,03-Jan-11,1,2011,3,Monday/03-Jan-2011,Jan-11,Jan-11,"00, 03-Jan-2011",1
03/01/2011,3043,1,DortmundSq,15,Monday,03-Jan-11,1,2011,3,Monday/03-Jan-2011,Jan-11,Jan-11,"00, 03-Jan-2011",1
03/01/2011,2321,1,DortmundSq,16,Monday,03-Jan-11,1,2011,3,Monday/03-Jan-2011,Jan-11,Jan-11,"00, 03-Jan-2011",1
03/01/2011,1167,1,DortmundSq,17,Monday,03-Jan-11,1,2011,3,Monday/03-Jan-2011,Jan-11,Jan-11,"00, 03-Jan-2011",1
03/01/2011,520,1,DortmundSq,18,Monday,03-Jan-11,1,2011,3,Monday/03-Jan-2011,Jan-11,Jan-11,"00, 03-Jan-2011",1
03/01/2011,220,1,DortmundSq,19,Monday,03-Jan-11,1,2011,3,Monday/03-Jan-2011,Jan-11,Jan-11,"00, 03-Jan-2011",1
03/01/2011,124,1,DortmundSq,20,Monday,03-Jan-11,1,2011,3,Monday/03-Jan-2011,Jan-11,Jan-11,"00, 03-Jan-2011",1
03/01/2011,98,1,DortmundSq,21,Monday,03-Jan-11,1,2011,3,Monday/03-Jan-2011,Jan-11,Jan-11,"00, 03-Jan-2011",1
03/01/2011,71,1,DortmundSq,22,Monday,03-Jan-11,1,2011,3,Monday/03-Jan-2011,Jan-11,Jan-11,"00, 03-Jan-2011",1
03/01/2011,35,1,DortmundSq,23,Monday,03-Jan-11,1,2011,3,Monday/03-Jan-2011,Jan-11,Jan-11,"00, 03-Jan-2011",1
